"TAXONOMIC.ORDER","SCIENTIFIC.NAME","COMMON.NAME","1992","1993","1994","1995","1996","1997","1998","1999","2000","2001","2002","2003","2004","2005","2006","2007","2008","2009","2010","2011","2012","2013","2014","2015","2016","2017","2018","2019","2020","2021","COUNT"
233,"Dendrocygna javanica","Lesser Whistling-Duck",5,15,14,15,7,10,10,9,9,22,19,21,24,17,48,44,25,34,38,29,67,118,854,2086,2496,3032,3306,3791,4428,4253,30
401,"Nettapus coromandelianus","Cotton Pygmy-Goose",2,7,8,7,5,4,4,7,8,13,11,13,16,10,21,19,13,12,22,15,41,46,321,654,508,891,721,817,702,765,30
425,"Spatula querquedula","Garganey",6,11,11,12,11,3,8,8,6,12,12,16,15,10,18,19,5,16,17,6,25,44,107,296,433,805,713,645,566,517,30
526,"Anas acuta","Northern Pintail",4,11,10,14,11,3,8,4,5,8,11,14,15,12,14,13,5,11,16,6,29,33,66,117,243,421,356,281,303,234,30
600,"Aythya nyroca","Ferruginous Duck",1,0,0,0,0,0,0,1,1,0,1,0,0,0,0,0,2,0,0,0,0,1,0,1,1,2,0,0,0,0,10
1494,"Galloperdix spadicea","Red Spurfowl",7,0,3,3,5,7,4,5,3,8,0,12,8,1,35,20,47,24,17,36,37,35,149,263,345,577,721,857,973,735,28
1529,"Gallus sonneratii","Gray Junglefowl",10,7,15,11,11,12,16,12,11,20,8,37,21,5,101,61,165,118,106,144,117,117,301,551,714,1015,1190,1764,1256,1214,30
1685,"Perdicula asiatica","Jungle Bush-Quail",3,0,0,2,1,0,1,1,0,1,1,0,0,0,1,1,2,2,0,2,1,1,26,30,17,16,7,8,41,30,22
1758,"Tachybaptus ruficollis","Little Grebe",8,10,19,10,9,2,4,5,9,13,9,21,16,7,29,25,8,11,14,7,47,73,377,603,851,1052,681,841,709,812,30
1827,"Columba livia","Rock Pigeon",1,2,0,0,0,0,0,0,0,0,0,0,0,0,0,0,0,0,0,1,0,0,0,5,0,2,3,4,14,14,9
1842,"Columba livia","Rock Pigeon",4,10,24,14,17,14,12,6,4,13,3,19,9,12,30,21,38,30,39,49,56,84,1574,4471,6605,8066,13957,12429,15605,13318,30
2034,"Streptopelia chinensis","Spotted Dove",24,21,42,28,29,21,24,7,8,24,10,40,11,13,80,39,97,105,61,95,119,116,1104,2217,3345,5124,5292,6239,8175,7932,30
2127,"Chalcophaps indica","Asian Emerald Dove",17,3,8,6,9,3,6,2,2,10,4,33,7,5,53,47,95,74,72,86,52,60,204,360,495,632,608,786,737,805,30
2444,"Treron bicinctus","Orange-breasted Green-Pigeon",1,0,0,0,0,0,1,0,0,4,0,0,0,0,0,1,0,0,0,0,7,1,10,0,9,46,34,35,37,46,13
2450,"Treron affinis","Gray-fronted Green-Pigeon",14,6,10,6,2,5,8,3,0,9,2,32,7,3,54,42,88,62,50,93,52,75,160,253,282,486,512,692,794,611,29
2695,"Ducula aenea","Green Imperial-Pigeon",2,0,1,0,1,1,2,2,0,3,2,4,5,1,16,9,47,22,19,29,41,42,110,193,278,361,328,477,857,799,27
2767,"Ducula badia","Mountain Imperial-Pigeon",10,3,9,2,3,6,2,5,1,7,1,42,12,1,53,52,133,62,69,84,49,42,73,127,156,281,426,551,294,302,30
3055,"Centropus sinensis","Greater Coucal",17,19,16,12,21,22,16,10,15,16,7,34,15,48,120,98,181,129,100,133,94,120,1277,3444,4853,8762,9944,11405,15633,14231,30
3074,"Centropus bengalensis","Lesser Coucal",22,0,0,0,0,0,0,1,0,4,0,1,0,0,2,1,4,1,4,1,1,1,36,33,69,71,126,156,169,210,20
3115,"Phaenicophaeus viridirostris","Blue-faced Malkoha",1,1,1,2,6,2,2,3,2,3,2,2,2,1,12,6,13,16,2,15,22,11,78,115,141,217,193,197,341,278,30
3138,"Clamator jacobinus","Pied Cuckoo",1,1,2,3,3,1,1,0,0,1,3,0,1,2,0,2,1,3,5,14,6,7,59,111,233,145,190,222,277,232,26
3200,"Eudynamys scolopaceus","Asian Koel",16,16,26,21,17,18,10,7,7,14,6,12,13,49,78,69,91,74,41,63,53,92,1382,4295,5779,8078,13035,12082,16251,13693,30
3282,"Cacomantis sonneratii","Banded Bay Cuckoo",18,16,0,0,1,3,5,0,3,3,2,0,0,0,2,5,6,20,15,25,12,15,33,59,107,154,221,361,666,472,24
3293,"Cacomantis passerinus","Gray-bellied Cuckoo",5,10,1,1,0,1,2,2,1,3,0,2,2,0,4,1,6,7,5,11,10,7,37,53,97,191,139,304,228,342,27
3336,"Hierococcyx varius","Common Hawk-Cuckoo",45,17,11,13,14,15,16,12,6,14,6,10,6,5,29,10,65,61,21,56,39,63,370,807,1395,1699,1849,2372,2543,3091,30
3351,"Cuculus micropterus","Indian Cuckoo",16,8,0,0,0,1,2,3,2,0,1,3,1,1,5,2,16,11,2,10,8,3,58,122,122,166,127,235,161,166,26
3413,"Lyncornis macrotis","Great Eared-Nightjar",1,0,0,0,0,0,3,0,1,3,1,1,3,0,5,3,13,14,11,10,6,16,26,31,23,51,74,181,74,73,23
3624,"Caprimulgus atripennis","Jerdon's Nightjar",1,1,0,1,0,0,2,0,2,4,2,2,4,0,9,6,6,17,6,10,9,17,33,45,90,180,223,338,464,379,25
3643,"Caprimulgus asiaticus","Indian Nightjar",1,3,0,0,1,0,0,0,0,1,1,1,1,0,1,1,0,0,1,1,2,1,11,8,28,46,40,75,75,59,21
3656,"Caprimulgus affinis","Savanna Nightjar",4,2,0,0,1,0,1,0,0,1,0,1,2,0,0,1,3,2,1,3,0,1,7,6,30,56,111,118,112,90,21
3775,"Zoonavena sylvatica","White-rumped Needletail",2,2,3,2,2,2,7,5,1,5,3,13,7,0,21,12,30,20,25,36,32,22,38,82,92,160,128,128,118,151,29
3835,"Hirundapus giganteus","Brown-backed Needletail",1,2,2,2,3,0,1,1,0,2,2,3,0,0,11,5,18,17,18,24,16,19,32,81,87,113,85,145,241,247,26
3894,"Aerodramus unicolor","Indian Swiftlet",6,2,17,8,15,8,4,4,5,11,6,40,5,1,54,59,69,47,82,97,55,69,121,296,581,685,590,826,715,713,30
4043,"Apus affinis","Little Swift",4,10,12,11,10,11,9,4,4,6,3,8,5,4,17,12,32,23,24,36,31,24,96,237,448,1006,914,1262,1621,1482,30
4078,"Cypsiurus balasiensis","Asian Palm-Swift",9,8,29,22,19,13,2,4,0,3,2,9,7,10,29,18,45,53,15,43,25,35,306,995,1813,2338,2138,2763,5168,4355,29
4105,"Hemiprocne coronata","Crested Treeswift",11,12,10,9,7,5,8,4,1,9,2,17,8,0,19,12,30,22,24,22,17,22,85,106,128,217,164,130,212,277,29
5321,"Gallinula chloropus","Eurasian Moorhen",1,3,13,2,1,0,0,1,4,4,4,5,8,4,13,8,7,7,4,6,17,8,90,91,198,361,209,232,282,250,28
5346,"Fulica atra","Eurasian Coot",1,3,4,0,6,0,0,0,2,7,8,9,17,3,9,13,3,10,11,6,32,43,211,164,317,605,271,400,334,198,26
5390,"Porphyrio poliocephalus","Gray-headed Swamphen",4,11,5,9,6,4,6,19,11,18,8,25,23,16,42,35,15,26,19,29,62,93,732,1405,1543,1798,1978,2276,1885,1947,30
5404,"Gallicrex cinerea","Watercock",2,4,1,8,1,0,0,2,3,7,3,2,13,2,3,4,1,5,3,4,8,21,111,165,184,317,172,271,271,296,28
5407,"Amaurornis phoenicurus","White-breasted Waterhen",15,15,22,22,13,16,9,13,14,29,25,31,35,48,77,66,44,42,45,53,62,116,775,1634,2382,3260,3977,4256,5315,5340,30
5445,"Zapornia fusca","Ruddy-breasted Crake",2,5,4,4,3,0,1,1,0,1,4,3,2,0,2,0,0,0,0,3,4,12,35,66,87,157,83,197,164,182,23
5619,"Himantopus himantopus","Black-winged Stilt",12,10,12,16,8,6,4,7,10,11,10,12,16,12,20,15,8,8,7,10,12,34,327,721,918,1110,1105,1194,620,896,30
5664,"Pluvialis squatarola","Black-bellied Plover",1,1,2,1,1,2,2,1,1,3,1,2,6,1,3,3,2,0,3,6,5,10,28,22,16,29,43,141,115,95,29
5669,"Pluvialis fulva","Pacific Golden-Plover",11,11,4,14,11,4,7,7,9,14,12,5,13,7,15,15,7,10,5,12,17,33,178,258,310,526,382,457,525,691,30
5683,"Vanellus malabaricus","Yellow-wattled Lapwing",5,4,4,1,3,5,0,1,2,0,0,1,2,1,6,7,1,2,1,4,11,12,41,184,152,255,214,265,395,500,27
5703,"Vanellus indicus","Red-wattled Lapwing",18,31,42,27,27,25,23,21,11,37,26,40,24,23,87,86,49,65,49,83,85,152,1113,2637,3181,4140,4329,5044,5922,5595,30
5727,"Charadrius mongolus","Lesser Sand-Plover",5,9,7,11,14,8,6,3,3,10,3,4,10,4,15,15,3,6,11,25,19,28,161,332,206,410,381,684,659,675,30
5735,"Charadrius leschenaultii","Greater Sand-Plover",1,4,3,4,2,2,0,1,1,1,3,1,3,0,1,3,1,4,5,15,10,18,98,145,52,151,140,256,225,205,28
5750,"Charadrius alexandrinus","Kentish Plover",5,13,8,11,9,8,6,6,3,9,6,7,3,5,9,9,6,3,7,14,7,15,65,104,81,176,162,192,207,230,30
5775,"Charadrius dubius","Little Ringed Plover",12,21,22,17,16,17,7,9,8,12,6,7,9,11,25,25,7,13,6,23,17,30,117,276,410,544,470,645,597,695,30
5835,"Hydrophasianus chirurgus","Pheasant-tailed Jacana",3,9,10,9,2,3,2,5,4,10,4,12,8,7,14,16,9,9,9,11,25,44,95,196,325,705,451,615,615,593,30
5836,"Metopidius indicus","Bronze-winged Jacana",5,10,25,7,2,3,2,9,12,12,10,17,14,12,32,36,18,22,24,25,44,72,386,967,1167,1233,1308,1549,1473,1560,30
5854,"Numenius phaeopus","Whimbrel",2,2,2,3,2,2,0,0,0,2,3,1,1,0,5,4,5,2,5,8,13,18,85,180,144,173,151,316,242,325,26
5869,"Numenius arquata","Eurasian Curlew",3,1,1,2,3,5,0,2,3,12,4,2,5,4,3,2,2,6,2,0,4,9,43,48,92,94,82,110,81,52,28
5880,"Limosa limosa","Black-tailed Godwit",2,0,0,1,2,1,1,0,1,5,2,4,1,3,4,3,0,4,1,1,5,12,87,136,187,250,245,326,164,290,26
5891,"Arenaria interpres","Ruddy Turnstone",1,0,0,0,1,0,2,0,0,1,1,0,0,0,1,0,0,3,7,4,7,14,49,83,56,60,63,107,61,70,19
5918,"Calidris temminckii","Temminck's Stint",2,4,3,6,3,8,4,9,8,11,10,6,6,3,4,2,1,2,0,4,9,9,53,78,112,216,199,242,203,285,29
5923,"Calidris alpina","Dunlin",1,0,1,2,2,0,1,1,1,2,1,0,1,1,1,3,1,1,0,0,3,2,5,15,6,18,15,15,46,16,25
5946,"Calidris minuta","Little Stint",4,5,13,12,6,5,4,10,6,8,7,9,8,4,8,9,4,6,4,6,10,14,76,155,201,361,255,393,282,321,30
5994,"Gallinago gallinago","Common Snipe",3,4,2,5,1,5,1,3,1,11,2,6,3,0,0,2,1,3,5,6,13,22,73,104,103,247,193,263,244,311,28
6006,"Gallinago stenura","Pin-tailed Snipe",3,0,0,1,0,0,4,3,1,3,0,3,0,0,3,2,2,4,5,2,5,10,43,117,213,180,93,148,170,267,23
6019,"Xenus cinereus","Terek Sandpiper",1,2,2,3,5,0,1,0,1,3,1,0,2,1,3,5,1,2,4,4,4,18,54,91,66,60,56,107,112,109,27
6025,"Actitis hypoleucos","Common Sandpiper",16,26,25,25,19,18,10,11,10,44,28,29,23,21,64,64,30,32,42,62,81,110,666,1288,1462,2042,2124,2444,2214,2349,30
6028,"Tringa ochropus","Green Sandpiper",15,24,18,18,8,8,8,8,4,26,19,16,12,10,26,25,16,18,23,36,40,49,125,219,281,472,489,522,561,534,30
6037,"Tringa nebularia","Common Greenshank",6,14,11,27,15,11,11,6,5,19,12,14,10,6,29,31,6,14,10,38,26,52,245,452,563,697,845,999,780,1056,30
6045,"Tringa stagnatilis","Marsh Sandpiper",3,7,5,8,4,5,2,1,1,9,12,10,8,5,18,13,6,9,4,6,11,19,137,199,212,293,365,426,230,288,30
6046,"Tringa glareola","Wood Sandpiper",14,18,10,23,7,12,11,16,12,28,25,25,20,17,28,42,21,21,18,35,57,82,443,1066,1278,1567,1601,1802,1631,1946,30
6047,"Tringa totanus","Common Redshank",2,5,4,9,9,6,1,3,2,7,6,6,7,3,20,20,6,5,3,13,11,24,130,171,194,327,323,423,291,370,30
6124,"Dromas ardeola","Crab-Plover",1,1,0,0,0,0,0,0,0,0,0,0,0,0,0,0,1,0,0,1,1,5,8,5,5,7,0,35,8,1,13
6165,"Glareola lactea","Small Pratincole",11,6,7,9,3,11,8,10,10,12,7,8,9,3,3,3,2,6,7,10,11,9,40,66,99,141,105,135,137,139,30
6285,"Chroicocephalus ridibundus","Black-headed Gull",10,7,8,13,8,5,3,0,1,5,3,4,7,3,17,11,2,4,6,19,12,13,57,163,231,158,226,273,141,178,29
6288,"Chroicocephalus brunnicephalus","Brown-headed Gull",5,9,6,7,6,3,3,0,1,4,2,5,3,3,13,11,4,4,6,23,17,16,61,177,220,154,301,347,254,258,29
6309,"Ichthyaetus ichthyaetus","Pallas's Gull",1,4,2,3,2,0,1,0,3,3,2,1,0,1,9,3,3,2,1,5,3,3,6,23,19,34,73,36,34,35,27
6368,"Larus fuscus","Lesser Black-backed Gull",1,0,0,1,0,0,1,0,0,1,0,0,0,0,1,0,0,1,2,7,1,4,24,43,41,46,119,142,191,231,18
6372,"Larus fuscus","Lesser Black-backed Gull",1,2,3,2,2,1,0,0,0,0,0,0,2,1,3,2,1,1,3,3,4,3,18,37,25,56,52,63,36,42,24
6465,"Sternula albifrons","Little Tern",1,2,3,3,4,0,3,2,8,5,1,8,5,1,1,2,3,2,3,3,4,5,33,62,27,136,150,113,92,103,29
6493,"Gelochelidon nilotica","Gull-billed Tern",4,7,6,8,3,2,3,1,3,6,2,6,8,2,14,9,6,4,8,9,10,17,73,156,188,259,230,237,193,159,30
6507,"Chlidonias hybrida","Whiskered Tern",13,32,25,27,18,19,19,18,20,48,35,33,42,22,58,55,40,45,49,65,76,124,792,1412,1794,2046,2621,2042,1716,1899,30
6550,"Sterna aurantia","River Tern",2,13,7,9,3,6,5,7,3,14,1,8,10,2,20,9,21,16,7,28,16,27,137,242,275,395,378,393,397,303,30
6556,"Thalasseus bergii","Great Crested Tern",1,1,0,1,1,0,0,0,0,1,1,1,0,1,1,1,3,2,3,15,7,13,27,101,52,95,81,203,199,166,24
6561,"Thalasseus sandvicensis","Sandwich Tern",2,1,2,1,2,0,0,0,0,0,1,0,0,2,1,0,1,1,5,5,3,2,7,31,22,19,12,31,25,19,22
6569,"Thalasseus bengalensis","Lesser Crested Tern",1,0,0,2,1,0,0,0,0,2,1,1,2,1,2,2,3,2,4,14,11,9,35,103,56,117,85,195,177,150,24
6936,"Anastomus oscitans","Asian Openbill",11,9,3,11,15,11,12,1,12,19,19,24,25,12,37,37,16,23,17,37,45,80,508,990,1227,1807,1950,2138,2231,2292,30
6940,"Ciconia nigra","Black Stork",1,2,1,2,2,2,0,0,0,0,0,0,0,0,0,1,1,0,0,0,2,0,1,1,9,6,8,12,2,5,17
6942,"Ciconia episcopus","Woolly-necked Stork",4,20,10,14,13,10,15,8,9,11,4,11,9,4,20,18,7,11,8,15,39,45,175,311,422,773,928,1300,970,1177,30
6949,"Ciconia ciconia","White Stork",1,0,0,0,2,0,0,1,0,0,0,0,0,0,0,1,0,0,1,0,1,7,13,17,35,29,47,54,6,13,15
6987,"Sula dactylatra","Masked Booby",1,1,0,0,0,0,0,0,0,0,0,0,0,0,0,0,0,0,3,1,3,0,3,4,0,1,0,0,18,15,10
7021,"Anhinga melanogaster","Oriental Darter",4,16,10,15,18,10,15,10,9,35,18,38,43,19,63,49,53,45,52,38,79,145,986,1739,1893,2769,3210,3114,2727,2670,30
7031,"Microcarbo niger","Little Cormorant",19,36,46,42,40,29,27,28,18,60,44,52,53,51,145,125,84,74,96,121,143,226,1948,4292,4715,6102,6991,7649,8173,7696,30
7058,"Phalacrocorax fuscicollis","Indian Cormorant",3,3,4,6,1,6,2,5,14,33,24,23,25,16,34,28,23,28,26,35,54,87,544,985,989,1369,1569,2114,1976,1814,30
7113,"Pelecanus onocrotalus","Great White Pelican",1,0,0,0,0,0,0,0,0,0,0,0,0,0,0,0,0,0,0,0,0,0,0,0,0,0,0,0,0,0,2
7116,"Pelecanus philippensis","Spot-billed Pelican",1,1,0,0,0,0,0,0,0,0,1,0,0,1,3,0,0,0,0,0,1,4,75,47,33,215,153,175,127,170,15
7133,"Ixobrychus sinensis","Yellow Bittern",1,2,1,3,2,0,3,1,3,9,8,6,5,3,3,6,5,6,1,5,10,16,77,132,176,336,202,249,231,228,29
7141,"Ixobrychus cinnamomeus","Cinnamon Bittern",1,4,1,8,4,1,2,3,3,5,10,3,7,4,5,6,3,6,2,3,6,20,37,67,115,144,70,114,212,176,30
7145,"Ixobrychus flavicollis","Black Bittern",3,3,1,6,2,2,2,3,3,8,10,7,6,3,8,10,6,4,2,8,3,20,58,105,124,121,64,162,139,150,30
7176,"Ardea cinerea","Gray Heron",8,20,21,24,25,17,17,15,5,28,20,23,21,12,51,45,14,23,21,24,60,77,591,995,1402,1992,1835,2012,1697,1856,30
7193,"Ardea purpurea","Purple Heron",11,19,11,15,14,14,10,11,12,34,34,30,37,24,58,63,26,46,36,50,87,116,1066,2200,2695,3081,3670,3967,4240,4278,30
7200,"Ardea alba","Great Egret",8,20,8,22,15,15,13,7,6,15,16,20,26,20,23,33,23,33,36,48,87,121,695,1533,1785,2256,2670,3326,3357,3437,30
7204,"Ardea alba","Great Egret",3,13,9,13,7,4,3,5,3,10,9,6,4,3,37,30,1,0,0,0,3,1,12,41,17,0,0,0,4,0,24
7207,"Ardea intermedia","Intermediate Egret",18,27,23,35,25,21,21,24,14,47,38,37,34,22,93,82,52,43,53,68,87,145,1189,2278,2532,3041,3822,4376,4577,4161,30
7217,"Egretta garzetta","Little Egret",23,50,55,46,38,28,28,32,21,60,45,53,36,30,100,100,77,67,60,84,125,187,1467,2914,3838,4516,5772,5940,5796,5072,30
7221,"Egretta gularis","Western Reef-Heron",6,5,8,5,8,5,4,0,2,7,4,4,6,5,17,21,9,8,21,15,14,35,159,306,301,434,694,698,343,403,29
7247,"Bubulcus ibis","Cattle Egret",17,33,32,33,24,22,17,25,29,57,35,54,35,44,115,103,66,72,69,62,89,161,1513,2719,4610,7563,9007,8882,8892,9222,30
7253,"Ardeola grayii","Indian Pond-Heron",30,54,65,56,41,42,37,34,34,75,46,79,55,41,158,138,136,103,110,155,172,270,2656,6055,8438,9573,12370,12434,13169,11778,30
7267,"Butorides striata","Striated Heron",4,7,6,8,5,5,8,3,3,12,5,4,3,2,26,22,16,10,15,12,17,20,96,176,204,251,304,336,246,304,30
7305,"Nycticorax nycticorax","Black-crowned Night-Heron",1,10,3,8,3,4,5,2,2,13,13,12,12,4,23,14,12,11,20,15,21,52,254,384,682,1000,1502,1626,1785,1650,30
7374,"Threskiornis melanocephalus","Black-headed Ibis",5,1,4,3,6,0,5,3,1,19,16,15,25,10,26,28,14,16,24,29,54,85,692,1583,2073,2757,3101,4112,4290,4123,29
7429,"Pandion haliaetus","Osprey",1,7,6,7,10,0,4,3,1,9,2,6,6,6,17,12,17,9,12,10,21,25,81,162,194,282,323,330,303,304,29
7438,"Elanus caeruleus","Black-winged Kite",7,2,11,5,4,5,3,6,4,3,5,6,4,1,11,8,18,12,7,11,21,24,30,67,130,209,160,296,99,256,30
7476,"Pernis ptilorhynchus","Oriental Honey-buzzard",4,2,7,0,4,6,6,3,1,11,3,12,5,2,31,21,63,41,53,75,42,63,137,248,401,573,707,959,1340,1238,29
7518,"Aviceda leuphotes","Black Baza",1,0,1,0,1,0,1,1,0,3,3,2,3,0,4,11,15,13,18,15,15,28,52,66,90,79,128,146,112,131,25
7554,"Spilornis cheela","Crested Serpent-Eagle",16,11,32,16,20,9,12,7,1,19,6,35,8,3,64,41,118,55,79,116,50,86,320,609,931,1536,1626,1945,2292,2333,30
7602,"Nisaetus cirrhatus","Changeable Hawk-Eagle",14,7,5,9,10,4,4,2,4,5,5,13,5,0,11,8,14,16,16,24,19,21,81,125,230,426,535,510,208,254,29
7637,"Ictinaetus malaiensis","Black Eagle",2,2,9,6,2,3,4,3,4,7,1,18,4,0,42,25,55,28,47,53,36,36,96,184,262,369,369,479,412,539,29
7716,"Circus aeruginosus","Eurasian Marsh-Harrier",8,11,8,14,9,7,7,8,10,19,17,28,18,10,32,34,16,26,21,32,33,40,165,359,346,675,953,773,675,615,30
7734,"Circus macrourus","Pallid Harrier",1,0,0,0,0,0,1,0,0,1,0,1,1,0,5,3,4,4,8,5,14,4,5,4,28,14,16,30,12,9,21
7769,"Accipiter badius","Shikra",10,8,20,9,13,3,3,2,3,11,6,5,4,30,47,32,50,36,35,56,46,45,403,853,1572,2209,2627,2604,3502,3010,30
7856,"Accipiter virgatus","Besra",1,0,2,1,1,0,2,0,0,2,1,10,1,0,12,9,10,6,11,9,5,4,2,15,11,14,8,31,14,31,25
7948,"Milvus migrans","Black Kite",12,11,24,15,14,14,6,9,8,8,5,14,8,49,79,83,68,51,35,52,63,70,867,2459,3296,4503,6906,7358,10412,7073,30
7961,"Haliastur indus","Brahminy Kite",15,32,49,44,37,30,20,30,26,27,20,51,34,46,156,90,67,76,74,133,131,203,1814,5308,8230,9679,14390,13600,18241,15014,30
7974,"Haliaeetus leucogaster","White-bellied Sea-Eagle",5,0,0,2,4,0,1,0,0,0,0,1,0,1,7,11,0,2,2,13,5,1,9,49,59,91,121,190,338,414,21
8234,"Phodilus assimilis","Sri Lanka Bay-Owl",1,0,0,0,1,0,0,1,0,0,2,0,0,0,1,2,0,4,1,2,6,7,13,16,13,17,40,53,43,26,19
8263,"Otus bakkamoena","Indian Scops-Owl",6,1,0,0,1,0,2,1,3,4,2,3,1,1,18,5,15,12,13,9,13,21,62,124,159,183,195,432,647,606,27
8549,"Ketupa zeylonensis","Brown Fish-Owl",2,1,5,2,1,2,2,1,0,6,2,4,0,1,9,5,15,12,8,13,18,15,44,79,126,182,187,259,241,229,28
8638,"Glaucidium radiatum","Jungle Owlet",7,7,3,2,1,6,10,7,3,12,4,15,8,22,75,47,77,63,55,60,35,72,420,924,1253,1879,2473,3550,4021,2972,30
8665,"Athene brama","Spotted Owlet",2,2,2,0,1,1,0,1,3,3,0,0,0,1,1,2,1,4,2,4,7,6,81,150,138,175,218,307,469,362,25
8733,"Strix ocellata","Mottled Wood-Owl",27,0,3,0,0,0,2,0,0,0,1,2,3,0,7,4,3,9,5,8,11,8,40,79,77,219,382,289,433,387,22
9119,"Harpactes fasciatus","Malabar Trogon",2,3,12,1,5,2,5,3,3,11,2,17,10,3,58,39,86,61,68,104,63,82,147,248,329,503,444,611,515,475,30
9161,"Upupa epops","Eurasian Hoopoe",6,6,2,6,6,5,2,4,2,5,3,2,0,1,4,3,9,5,1,11,10,13,47,65,138,201,193,219,319,311,29
9278,"Ocyceros birostris","Indian Gray Hornbill",12,3,12,8,7,4,0,0,1,0,0,0,0,1,2,1,1,8,5,4,6,3,165,304,435,747,518,519,911,777,24
9279,"Ocyceros griseus","Malabar Gray Hornbill",12,7,20,3,10,6,12,11,4,17,6,52,27,8,102,66,190,100,129,167,104,129,373,674,789,1501,1449,1808,1573,1390,30
9284,"Anthracoceros coronatus","Malabar Pied-Hornbill",1,0,1,0,0,0,2,0,0,4,0,3,3,0,4,1,12,3,7,6,7,5,33,71,50,36,39,52,41,50,22
9389,"Alcedo atthis","Common Kingfisher",6,11,15,11,10,15,11,14,6,18,4,27,22,15,87,75,46,48,55,78,96,135,1073,1963,2045,2631,2629,3378,3375,3789,30
9524,"Pelargopsis capensis","Stork-billed Kingfisher",5,6,3,8,6,10,11,4,2,16,5,13,15,10,68,53,63,45,47,69,58,73,639,1441,1627,2003,2309,2901,2929,3119,30
9558,"Halcyon smyrnensis","White-throated Kingfisher",28,23,45,30,35,38,23,19,25,35,13,53,33,68,198,154,175,136,114,164,161,209,2353,5645,8318,10430,12004,12900,17160,14134,30
9571,"Halcyon pileata","Black-capped Kingfisher",1,0,1,1,0,1,2,0,0,1,3,2,2,2,6,4,6,3,11,11,5,2,22,56,44,64,61,52,49,70,26
9783,"Ceryle rudis","Pied Kingfisher",8,14,21,12,7,12,10,3,7,7,9,20,11,8,49,42,15,18,21,38,49,53,315,698,746,854,860,995,995,978,30
9802,"Nyctyornis athertoni","Blue-bearded Bee-eater",1,1,1,0,3,1,1,1,0,5,0,3,1,0,12,4,5,10,5,10,7,8,44,43,74,116,113,140,122,147,26
9838,"Merops orientalis","Green Bee-eater",13,9,28,20,21,12,11,14,14,12,3,16,8,11,26,28,29,35,29,64,64,88,988,2172,2917,3879,4202,4787,6614,6378,30
9859,"Merops philippinus","Blue-tailed Bee-eater",3,10,7,4,7,6,1,10,11,14,4,16,6,11,31,20,34,36,36,53,67,103,732,2076,2285,3250,4525,4792,6136,5981,30
9863,"Merops leschenaulti","Chestnut-headed Bee-eater",15,7,26,11,12,3,7,6,2,13,5,25,7,4,49,35,83,64,55,83,56,85,302,529,663,1083,1049,1131,1330,1382,30
9882,"Coracias benghalensis","Indian Roller",5,7,32,13,12,9,7,3,2,11,4,12,6,2,13,8,11,18,15,25,20,39,231,487,642,765,713,1069,1174,1014,30
10220,"Psilopogon malabaricus","Malabar Barbet",6,5,11,7,4,7,10,5,1,14,5,53,9,4,66,35,139,81,63,87,48,79,167,291,401,650,705,983,868,750,30
10222,"Psilopogon haemacephalus","Coppersmith Barbet",22,11,25,17,9,10,12,8,4,10,6,7,3,9,41,9,47,32,13,38,50,36,320,691,726,1285,1485,1644,1806,1628,30
10278,"Psilopogon viridis","White-cheeked Barbet",31,24,40,23,21,34,22,11,15,31,13,90,26,60,213,155,340,212,246,234,200,223,1963,5938,9300,13733,17932,18849,23812,18436,30
10632,"Hemicircus canente","Heart-spotted Woodpecker",3,8,6,1,8,2,8,6,2,12,2,24,14,4,53,31,68,58,68,88,38,59,154,240,309,411,426,526,508,480,30
10736,"Yungipicus nanus","Brown-capped Pygmy Woodpecker",9,10,16,11,12,7,8,4,3,14,6,12,9,1,33,15,53,53,35,46,32,55,142,277,382,464,598,704,956,861,30
10761,"Leiopicus mahrattensis","Yellow-crowned Woodpecker",5,4,2,2,4,2,2,2,1,5,3,1,0,0,4,3,2,3,5,5,7,10,10,29,46,66,48,39,56,69,28
11011,"Chrysocolaptes guttacristatus","Greater Flameback",23,12,3,2,5,6,7,3,0,8,5,28,12,4,74,37,95,51,75,68,60,77,212,418,553,975,1111,1298,1344,1460,29
11058,"Micropternus brachyurus","Rufous Woodpecker",18,5,1,2,3,3,3,8,2,7,3,7,2,1,22,7,18,19,16,28,21,19,140,188,374,500,833,765,979,1127,30
11090,"Dinopium javanense","Common Flameback",1,0,8,1,0,0,1,1,0,10,3,34,3,0,45,24,48,30,24,25,17,14,39,22,22,37,52,69,36,23,25
11099,"Dinopium benghalense","Black-rumped Flameback",32,28,35,19,17,19,11,6,5,22,13,29,13,51,128,86,149,87,106,107,68,118,978,2527,4434,5766,6561,7493,10921,8436,30
11109,"Picus chlorolophus","Lesser Yellownape",3,0,4,0,2,2,5,1,1,9,2,12,2,1,23,12,35,36,29,48,19,41,88,150,217,427,430,401,545,587,28
11123,"Picus xanthopygaeus","Streak-throated Woodpecker",3,1,2,0,2,0,5,2,1,9,3,5,5,0,9,3,16,8,17,7,11,9,81,117,106,152,147,171,174,155,27
11242,"Dryocopus javensis","White-bellied Woodpecker",2,1,3,0,1,3,3,2,0,7,3,16,6,2,23,19,19,19,15,19,13,21,35,67,84,145,106,189,126,106,28
11807,"Psittacula krameri","Rose-ringed Parakeet",13,14,37,22,18,15,7,3,3,8,4,13,2,50,75,64,85,48,34,42,36,52,1076,2387,3361,4798,5880,6651,8544,6745,30
11818,"Psittacula cyanocephala","Plum-headed Parakeet",22,21,34,15,9,15,12,8,8,23,4,34,13,5,82,31,112,76,83,122,58,108,399,734,1162,1944,1897,2254,3317,2911,30
11823,"Psittacula columboides","Malabar Parakeet",10,5,22,5,10,8,12,6,6,19,10,72,19,6,115,48,164,90,104,154,121,155,362,619,853,1314,1196,1746,1291,1096,30
12150,"Loriculus vernalis","Vernal Hanging-Parrot",30,15,26,15,18,14,15,9,6,21,9,57,13,5,98,70,185,119,160,163,84,130,469,995,1783,2873,3161,3716,4063,3730,30
12798,"Pitta brachyura","Indian Pitta",8,7,6,3,1,4,0,5,1,7,2,4,12,0,17,12,21,27,18,35,21,29,132,161,277,445,438,428,736,693,28
17865,"Pericrocotus cinnamomeus","Small Minivet",10,10,22,15,18,9,7,3,4,15,7,18,8,2,40,13,59,34,34,46,49,49,163,301,401,597,585,654,742,710,30
17900,"Pericrocotus flammeus","Orange Minivet",7,11,14,8,15,12,13,7,9,18,9,61,17,7,114,60,165,115,134,155,138,159,408,821,1370,2066,1538,2067,2186,2138,30
18007,"Coracina macei","Large Cuckooshrike",14,14,17,13,14,5,7,7,2,11,1,7,1,1,22,6,20,34,12,23,18,17,108,160,275,384,494,423,610,612,30
18132,"Lalage melanoptera","Black-headed Cuckooshrike",7,8,12,6,5,4,3,5,1,7,3,6,2,0,11,8,12,34,15,20,22,22,112,164,257,360,408,358,591,732,29
18872,"Oriolus kundoo","Indian Golden Oriole",17,18,14,10,5,9,13,10,14,20,7,50,18,14,92,61,148,98,127,138,83,100,645,1281,1688,2860,3899,3664,4060,4011,30
18878,"Oriolus chinensis","Black-naped Oriole",2,2,0,0,0,0,2,1,1,7,3,5,3,0,19,21,59,41,39,45,25,33,113,128,212,341,367,392,358,341,25
18926,"Oriolus xanthornus","Black-hooded Oriole",22,19,31,16,22,24,8,11,11,23,5,18,13,20,63,23,76,77,51,102,67,86,1079,2637,3579,5046,5561,6050,8332,7379,30
18970,"Artamus fuscus","Ashy Woodswallow",11,2,13,8,10,7,9,10,3,10,10,16,9,4,27,25,50,34,44,47,61,74,660,1572,1654,2058,2141,2759,2939,3084,30
19169,"Tephrodornis sylvicola","Malabar Woodshrike",14,10,5,1,4,7,11,5,2,13,4,25,5,2,55,26,84,64,65,86,30,68,163,237,319,427,420,607,491,426,30
19181,"Tephrodornis pondicerianus","Common Woodshrike",17,13,23,14,14,9,3,3,1,6,2,4,4,0,13,6,24,42,4,13,22,18,69,145,246,338,393,421,554,545,29
19188,"Hemipus picatus","Bar-winged Flycatcher-shrike",2,1,4,0,3,2,3,1,2,9,5,15,6,0,21,13,55,40,23,32,31,28,37,90,131,203,177,229,215,293,28
19242,"Aegithina tiphia","Common Iora",26,15,32,21,22,18,11,5,8,17,7,34,11,4,68,33,117,105,88,114,70,73,389,971,1764,2266,2248,2467,4526,4344,30
19523,"Rhipidura aureola","White-browed Fantail",12,0,3,3,4,2,1,2,0,3,0,0,2,1,1,1,5,4,1,2,17,2,15,46,67,101,78,76,67,79,26
19657,"Dicrurus macrocercus","Black Drongo",23,13,32,16,21,25,9,19,12,24,11,22,10,24,58,38,52,65,41,74,105,116,2311,5500,7086,8670,10545,10616,12493,10863,30
19665,"Dicrurus leucophaeus","Ashy Drongo",15,8,12,11,11,10,15,8,5,19,7,61,19,0,82,49,139,97,146,137,84,124,327,507,677,1297,1535,1665,1946,1941,29
19685,"Dicrurus caerulescens","White-bellied Drongo",1,3,7,6,9,4,2,2,1,6,3,3,0,0,7,3,4,7,10,16,38,14,26,67,105,125,112,147,142,142,28
19691,"Dicrurus aeneus","Bronzed Drongo",16,13,16,4,11,11,14,11,5,18,4,34,16,7,111,38,147,101,103,135,63,99,491,1059,1737,2662,2866,3161,4328,4378,30
19700,"Dicrurus hottentottus","Hair-crested Drongo",2,0,0,1,0,1,2,0,0,2,1,2,2,0,2,3,6,1,3,8,0,3,8,18,16,23,43,40,13,40,23
19754,"Dicrurus paradiseus","Greater Racket-tailed Drongo",27,22,33,12,20,22,18,15,15,31,7,72,25,13,150,83,225,132,210,218,138,196,1242,2850,4282,6641,6944,7999,9935,8712,30
19899,"Hypothymis azurea","Black-naped Monarch",5,1,4,1,5,5,8,4,1,8,5,18,11,3,56,22,69,54,80,78,44,36,140,244,449,728,737,722,1203,986,30
19959,"Terpsiphone paradisi","Indian Paradise-Flycatcher",19,13,20,8,11,15,6,9,7,19,8,32,15,1,72,52,124,99,105,111,76,83,449,747,1100,1590,2215,2240,2270,2371,30
20246,"Lanius cristatus","Brown Shrike",8,6,20,13,6,8,11,7,4,9,7,26,11,1,41,26,62,55,41,49,57,83,283,499,832,1179,1309,1561,1857,1899,30
20258,"Lanius vittatus","Bay-backed Shrike",1,0,0,3,0,0,0,1,0,4,3,1,2,0,1,0,5,2,0,8,13,8,21,33,91,85,81,67,159,124,21
20640,"Dendrocitta vagabunda","Rufous Treepie",12,14,36,19,28,22,12,10,7,17,9,20,15,56,115,89,150,113,102,133,116,157,1983,5086,6926,8985,9677,10489,14301,11262,30
20662,"Dendrocitta leucogastra","White-bellied Treepie",1,5,14,7,8,6,13,7,2,10,4,42,23,5,104,60,110,70,70,123,58,104,204,386,434,663,699,1146,649,480,30
20725,"Corvus splendens","House Crow",24,15,38,30,25,25,17,3,3,19,7,29,12,58,103,91,100,82,89,103,108,164,3430,10376,14736,17302,25325,22709,27126,21293,30
20792,"Corvus macrorhynchos","Large-billed Crow",19,12,4,7,11,12,12,5,10,12,5,26,9,52,94,94,111,47,45,51,100,103,1325,4240,5704,6741,9026,8868,12819,11261,30
21385,"Parus cinereus","Cinereous Tit",7,11,21,11,13,7,10,8,6,12,6,22,9,1,43,11,46,46,48,42,48,60,192,363,544,638,540,762,730,770,30
21413,"Machlolophus aplonotus","Indian Yellow Tit",1,0,6,3,0,3,0,1,0,9,3,25,3,1,28,21,27,31,25,25,40,24,48,102,168,214,178,205,199,304,26
21597,"Eremopterix griseus","Ashy-crowned Sparrow-Lark",3,4,20,9,16,9,0,1,0,0,0,1,0,0,3,0,0,2,0,3,0,1,5,17,26,44,34,30,74,129,20
21742,"Mirafra affinis","Jerdon's Bushlark",2,5,11,8,15,6,1,3,0,0,0,1,0,0,2,4,3,7,0,13,9,17,72,223,305,359,339,466,713,759,24
22317,"Orthotomus sutorius","Common Tailorbird",15,12,32,18,25,17,11,9,6,14,8,17,6,54,98,87,131,97,81,67,80,81,1112,3191,5492,7670,8705,10211,15689,12314,30
22399,"Prinia hodgsonii","Gray-breasted Prinia",5,7,24,10,21,8,7,3,1,7,3,12,4,2,18,12,26,24,22,31,23,21,101,238,635,1140,999,1290,2238,1700,30
22437,"Prinia socialis","Ashy Prinia",1,3,18,5,11,3,2,1,2,5,6,7,3,7,13,10,18,18,7,26,32,68,435,1020,1542,1851,2067,2707,2866,2811,30
22454,"Prinia inornata","Plain Prinia",2,1,10,6,7,2,2,3,7,10,13,6,4,5,15,8,14,27,5,25,46,72,587,1251,1592,1866,2024,2406,2360,2720,30
22690,"Cisticola juncidis","Zitting Cisticola",2,2,8,3,10,1,0,0,0,1,4,7,1,1,1,2,4,13,3,14,11,9,232,514,634,747,700,872,1188,1189,27
22828,"Acrocephalus dumetorum","Blyth's Reed Warbler",14,3,17,15,8,12,13,5,2,15,7,43,11,5,72,52,170,152,111,113,99,107,386,822,1276,3395,3653,4119,2656,3470,30
23287,"Ptyonoprogne concolor","Dusky Crag-Martin",1,2,8,7,1,4,7,1,1,3,1,7,5,2,21,13,10,18,17,26,18,23,35,82,137,188,223,304,385,450,30
23291,"Hirundo rustica","Barn Swallow",4,12,13,16,9,17,5,4,9,23,13,16,18,7,16,39,57,40,58,44,58,86,656,2010,2377,3638,3810,3431,3192,3108,30
23338,"Cecropis daurica","Red-rumped Swallow",19,7,24,20,20,12,6,7,6,11,12,15,5,5,27,21,51,41,23,34,43,71,200,461,728,1302,1103,1685,1991,2027,30
23603,"Brachypodius priocephalus","Gray-headed Bulbul",2,0,4,0,0,1,4,0,1,6,3,7,5,0,21,21,42,25,32,42,34,28,42,67,119,200,167,199,231,152,25
23629,"Rubigula gularis","Flame-throated Bulbul",13,12,9,7,8,7,8,6,3,10,6,35,14,2,65,23,139,76,99,126,63,100,182,397,520,754,721,753,1088,780,30
23648,"Pycnonotus cafer","Red-vented Bulbul",19,20,37,20,24,29,17,10,9,22,10,36,15,16,56,32,61,83,52,72,104,115,1471,2838,4076,5981,6912,7148,9866,8367,30
23658,"Pycnonotus jocosus","Red-whiskered Bulbul",30,14,36,24,20,29,22,17,22,26,12,78,22,49,167,135,261,176,170,211,224,213,1767,3613,6011,8738,10273,11541,15356,13568,30
23735,"Pycnonotus luteolus","White-browed Bulbul",9,4,9,8,13,5,3,2,1,3,3,4,2,0,6,4,7,19,3,17,26,25,144,356,755,1058,1167,1441,2694,2298,29
23840,"Iole indica","Yellow-browed Bulbul",17,5,24,13,16,12,14,5,5,22,7,78,23,5,119,101,231,126,197,188,129,146,327,730,1228,2108,1740,2725,2520,2280,30
23963,"Phylloscopus affinis","Tickell's Leaf Warbler",1,0,1,0,0,0,1,0,0,2,2,11,2,0,19,9,13,23,9,12,44,14,16,26,42,35,56,62,40,69,23
24060,"Phylloscopus nitidus","Green Warbler",4,2,1,0,1,2,0,1,1,1,4,1,1,0,2,1,0,1,5,7,12,10,49,72,212,719,1690,1489,1923,1774,26
24061,"Phylloscopus trochiloides","Greenish Warbler",10,7,13,8,3,1,8,5,8,11,5,63,16,25,127,99,224,165,161,104,92,94,291,529,652,1249,1209,1824,1237,1223,30
24071,"Phylloscopus magnirostris","Large-billed Leaf Warbler",1,0,6,3,1,1,5,1,0,12,2,32,13,2,69,55,121,89,122,95,95,49,91,113,129,133,205,402,359,453,28
24108,"Phylloscopus occipitalis","Western Crowned Warbler",6,2,6,1,1,0,1,1,2,5,3,8,5,0,23,18,31,15,15,12,16,8,20,17,32,30,51,63,65,95,28
24763,"Zosterops palpebrosus","Indian White-eye",1,0,8,1,8,3,7,1,3,11,5,36,7,3,45,43,56,58,59,50,120,66,121,259,325,473,582,946,656,1006,29
25002,"Dumetia hyperythra","Tawny-bellied Babbler",1,1,6,4,4,3,3,2,0,2,1,4,1,0,4,1,4,6,2,12,27,12,37,34,71,79,108,108,159,238,28
25006,"Dumetia atriceps","Dark-fronted Babbler",8,1,7,4,7,4,9,1,2,13,2,21,5,1,46,39,97,51,78,92,38,33,68,164,183,299,251,375,399,372,30
25159,"Pomatorhinus horsfieldii","Indian Scimitar-Babbler",2,1,5,3,5,6,8,3,2,12,5,44,7,3,59,60,114,88,79,95,80,41,95,217,279,463,626,1072,518,733,30
25305,"Pellorneum ruficeps","Puff-throated Babbler",22,11,7,4,6,3,6,5,3,12,5,17,3,1,55,36,53,55,78,68,32,28,66,163,303,626,446,721,1226,928,30
25483,"Alcippe poioicephala","Brown-cheeked Fulvetta",10,2,5,5,10,4,8,3,1,12,3,39,11,2,59,54,125,72,93,79,45,45,84,142,201,341,306,629,394,387,30
25705,"Argya subrufa","Rufous Babbler",2,2,5,6,8,8,7,3,0,7,3,15,13,1,38,26,48,53,45,72,32,42,124,234,314,620,466,478,650,607,29
25709,"Argya striata","Jungle Babbler",17,13,22,11,17,27,14,8,9,20,5,25,12,8,77,23,84,64,78,91,86,101,1076,2715,3213,4694,5041,5853,6748,6054,30
25716,"Argya affinis","Yellow-billed Babbler",23,11,31,17,20,14,6,5,3,4,3,9,8,16,40,28,24,44,28,30,47,45,771,1694,2896,4086,4070,4000,6498,5454,30
26066,"Sitta frontalis","Velvet-fronted Nuthatch",16,6,8,1,6,10,9,4,1,14,3,42,14,2,77,44,86,60,66,57,76,79,178,306,328,546,491,667,451,561,30
26887,"Gracula indica","Southern Hill Myna",12,10,20,12,12,10,14,6,9,25,9,67,22,5,124,74,197,123,140,187,106,151,409,859,957,1684,1892,2680,1877,1717,30
26906,"Pastor roseus","Rosy Starling",2,4,0,0,1,0,0,1,0,2,1,0,0,2,3,3,3,11,5,14,6,12,145,352,413,926,989,908,811,623,23
26924,"Sturnia malabarica","Chestnut-tailed Starling",4,3,1,4,2,9,5,5,5,5,2,21,10,0,46,14,50,22,28,59,26,48,212,241,357,537,987,947,1170,1220,29
26927,"Sturnia blythii","Malabar Starling",11,6,2,3,1,10,10,5,4,6,2,20,1,2,16,14,30,42,49,40,28,86,232,429,583,874,951,1274,1348,1099,30
26935,"Acridotheres tristis","Common Myna",17,16,39,30,30,41,14,19,14,20,9,33,13,65,123,87,126,101,79,119,101,138,2611,6855,10660,12540,16060,15253,19679,16403,30
26946,"Acridotheres fuscus","Jungle Myna",13,10,9,6,1,11,15,5,5,20,15,30,10,38,71,45,56,48,53,43,56,65,539,894,1178,1751,1875,2422,1870,2269,30
27462,"Geokichla citrina","Orange-headed Thrush",10,7,6,1,6,7,5,4,3,11,3,14,11,3,58,19,45,59,60,70,52,74,265,400,732,1225,1324,1148,1205,1159,30
27816,"Muscicapa dauurica","Asian Brown Flycatcher",8,6,13,5,6,4,7,5,2,14,3,26,7,4,46,29,86,46,69,77,54,53,173,253,409,628,727,933,986,896,30
27821,"Muscicapa muttui","Brown-breasted Flycatcher",1,0,6,2,1,1,3,3,0,9,6,13,9,1,39,29,78,50,64,76,41,52,112,143,267,343,446,514,502,451,28
28008,"Copsychus fulicatus","Indian Robin",8,5,8,8,8,8,5,0,1,2,2,4,2,0,5,2,7,15,4,15,22,18,131,306,428,664,774,1004,1376,1454,28
28014,"Copsychus saularis","Oriental Magpie-Robin",26,15,22,16,21,27,18,14,13,23,9,35,13,48,110,87,122,94,78,89,94,113,1755,4147,6436,7839,11225,11641,14986,11849,30
28031,"Copsychus malabaricus","White-rumped Shama",2,0,0,1,0,0,1,2,1,8,1,5,1,1,3,4,6,4,18,9,10,7,17,21,31,55,26,53,38,58,26
28085,"Cyornis pallidipes","White-bellied Blue Flycatcher",8,0,4,2,0,2,5,3,1,5,4,11,11,1,36,28,55,29,44,48,30,41,86,109,143,191,196,221,163,165,28
28121,"Cyornis tickelliae","Tickell's Blue Flycatcher",10,7,1,3,5,4,5,4,2,4,6,7,3,1,33,9,22,37,27,31,29,27,90,129,280,515,518,559,749,945,30
28440,"Myophonus horsfieldii","Malabar Whistling-Thrush",12,5,19,11,11,9,13,3,2,18,8,57,13,4,104,68,169,115,157,138,104,89,280,526,609,1157,1312,1955,1159,1240,30
28559,"Ficedula ruficauda","Rusty-tailed Flycatcher",2,0,5,2,1,1,6,3,0,5,4,8,7,1,41,35,50,28,34,36,31,42,53,77,126,164,177,217,206,207,28
28644,"Monticola cinclorhyncha","Blue-capped Rock-Thrush",1,0,8,1,2,1,2,0,0,6,2,8,1,1,17,16,28,15,25,30,22,23,37,64,102,191,197,194,213,196,27
28951,"Dicaeum agile","Thick-billed Flowerpecker",3,2,1,1,2,1,2,2,1,7,1,18,1,0,10,11,26,11,17,27,19,7,23,73,82,136,100,111,72,129,29
29021,"Dicaeum erythrorhynchos","Pale-billed Flowerpecker",3,6,35,22,18,9,2,7,4,11,7,11,7,47,74,83,99,64,32,32,44,46,587,2097,4148,5603,6682,6347,9004,6233,30
29025,"Dicaeum concolor","Nilgiri Flowerpecker",8,3,5,2,11,4,6,4,2,13,7,32,12,4,81,46,123,110,128,109,95,72,219,425,794,1387,1371,1909,1528,1316,30
29263,"Leptocoma zeylonica","Purple-rumped Sunbird",14,17,37,25,28,21,5,7,3,22,6,25,9,56,106,84,97,80,92,105,113,114,1467,3591,6768,8281,9720,9919,13772,11336,30
29266,"Leptocoma minima","Crimson-backed Sunbird",7,1,11,8,11,6,5,4,6,18,8,50,17,1,95,74,206,107,157,163,92,89,229,418,642,1092,859,1332,1335,1146,30
29429,"Cinnyris asiaticus","Purple Sunbird",12,14,14,15,18,15,7,7,8,13,5,17,14,53,98,76,135,94,48,99,68,78,557,1220,2050,2662,2323,2599,3173,2553,30
29479,"Cinnyris lotenius","Loten's Sunbird",8,4,8,5,1,12,8,7,6,7,3,18,5,3,19,13,39,37,48,50,49,57,510,1142,1812,2987,3308,3786,5003,4292,30
29586,"Arachnothera longirostra","Little Spiderhunter",9,3,5,1,4,6,6,6,4,11,4,28,11,2,50,34,74,53,93,76,30,44,90,215,421,622,454,494,704,571,30
29620,"Irena puella","Asian Fairy-bluebird",13,14,15,8,13,11,12,4,4,15,4,56,18,2,80,51,158,81,127,141,80,108,178,359,507,788,827,1207,952,778,30
29654,"Chloropsis jerdoni","Jerdon's Leafbird",7,6,26,14,17,6,3,4,2,11,2,9,2,3,27,12,24,17,22,28,17,16,163,322,601,599,744,796,1008,688,30
29655,"Chloropsis aurifrons","Golden-fronted Leafbird",13,5,11,6,15,7,13,3,4,13,3,31,11,2,49,36,85,69,83,91,57,85,305,556,934,1549,1587,1534,2144,1687,30
29877,"Ploceus philippinus","Baya Weaver",2,0,5,2,10,3,0,3,1,5,2,2,4,7,2,4,2,6,1,10,18,22,286,469,558,629,544,817,870,933,28
30045,"Lonchura punctulata","Scaly-breasted Munia",7,2,16,3,9,2,0,2,1,2,1,4,2,1,5,6,4,3,5,13,15,24,253,632,860,1119,1333,1477,2129,1801,29
30059,"Lonchura kelaarti","Black-throated Munia",1,1,7,1,1,2,0,1,1,1,5,8,3,0,6,7,22,19,16,24,23,27,27,97,151,197,161,169,295,345,28
30063,"Lonchura striata","White-rumped Munia",12,4,7,5,8,3,1,6,3,10,3,10,5,9,22,18,21,21,12,23,27,30,374,699,1164,1551,1469,1659,2844,2797,30
30080,"Lonchura malacca","Tricolored Munia",6,3,1,4,3,1,1,2,1,4,3,5,0,0,3,7,27,7,3,5,11,22,139,255,397,525,472,654,620,673,28
30494,"Passer domesticus","House Sparrow",2,3,6,2,0,6,8,2,2,2,2,13,7,5,20,9,3,12,15,21,14,22,274,390,783,1131,1755,1464,1405,1100,29
30580,"Gymnoris xanthocollis","Yellow-throated Sparrow",4,4,12,12,3,4,5,2,4,2,2,2,2,0,3,4,6,12,1,12,12,5,52,88,109,153,158,206,251,257,29
30622,"Dendronanthus indicus","Forest Wagtail",2,4,4,1,1,1,3,1,2,15,4,18,6,8,45,28,60,31,27,24,18,37,65,99,158,161,170,205,129,132,30
30633,"Motacilla cinerea","Gray Wagtail",5,11,21,17,9,9,10,5,4,17,8,60,13,8,58,52,118,86,93,87,125,93,353,581,773,1153,985,1318,986,1106,30
30669,"Motacilla maderaspatensis","White-browed Wagtail",11,19,31,13,16,12,15,8,12,15,6,30,18,10,42,36,55,45,50,70,62,90,375,705,1054,1447,1598,1912,2292,2426,30
30675,"Motacilla alba","White Wagtail",1,3,2,6,3,2,1,1,3,5,0,1,0,1,1,3,6,2,4,3,2,4,30,86,93,87,121,84,51,59,28
30710,"Anthus rufulus","Paddyfield Pipit",2,5,18,11,14,10,4,4,2,1,3,6,4,0,18,12,15,27,7,21,25,30,142,343,688,770,767,1031,1393,1461,29
354,"Sarkidiornis melanotos","Knob-billed Duck",0,2,0,3,1,0,1,0,0,0,0,1,1,0,0,0,0,0,0,0,1,5,0,8,11,44,11,4,12,17,15
478,"Anas poecilorhyncha","Indian Spot-billed Duck",0,2,3,4,8,2,5,2,2,7,7,8,8,6,7,6,1,10,13,6,16,54,245,359,701,1221,816,808,852,674,29
542,"Anas crecca","Green-winged Teal",0,1,1,0,0,0,0,0,0,0,1,2,2,1,2,1,0,0,1,0,0,0,0,3,1,0,2,2,0,0,14
1471,"Pavo cristatus","Indian Peafowl",0,2,6,2,3,0,2,1,0,7,3,4,2,1,6,4,13,38,14,23,19,30,274,725,1425,2175,1836,2248,4024,3748,27
1541,"Ortygornis pondicerianus","Gray Francolin",0,1,6,9,13,5,0,1,0,0,0,2,0,0,1,0,1,11,1,5,2,3,18,94,223,205,141,166,518,332,22
1745,"Phoenicopterus roseus","Greater Flamingo",0,2,0,0,1,0,0,0,1,0,0,0,2,0,0,0,0,0,0,0,0,0,4,54,23,56,73,83,32,1,12
2471,"Treron phoenicopterus","Yellow-footed Green-Pigeon",0,4,0,4,3,1,0,2,0,2,0,4,1,1,7,3,5,7,6,6,8,8,34,75,153,223,159,185,374,412,25
3062,"Centropus sinensis","Greater Coucal",0,1,3,2,3,2,0,6,1,12,4,0,1,0,1,3,1,7,15,15,19,16,138,486,1538,83,31,200,2182,1124,26
3319,"Surniculus dicruroides","Fork-tailed Drongo-Cuckoo",0,2,0,0,0,0,2,2,3,3,2,2,2,0,6,3,6,13,14,9,17,17,47,59,75,107,145,152,179,185,24
3985,"Apus melba","Alpine Swift",0,1,6,2,4,0,4,3,2,2,1,6,1,3,13,20,17,15,11,17,15,10,31,72,110,169,221,366,231,249,28
5188,"Lewinia striata","Slaty-breasted Rail",0,1,1,7,5,0,0,1,1,2,2,0,0,0,0,0,0,0,0,0,1,1,7,18,30,48,21,75,77,72,18
5825,"Rostratula benghalensis","Greater Painted-Snipe",0,1,1,1,0,1,0,1,0,0,3,1,1,0,4,3,0,0,0,1,3,3,14,42,54,103,48,64,64,79,21
5917,"Calidris ferruginea","Curlew Sandpiper",0,1,1,2,3,7,2,0,2,5,1,7,1,1,2,2,2,3,2,3,5,9,74,66,64,113,98,108,105,105,28
6501,"Hydroprogne caspia","Caspian Tern",0,1,1,2,1,0,0,0,0,0,1,0,0,0,1,2,0,0,0,0,0,0,3,20,9,58,30,72,33,18,15
6526,"Sterna hirundo","Common Tern",0,1,1,1,1,0,1,0,0,1,0,0,0,0,2,2,3,4,4,9,3,9,34,66,51,85,90,116,77,85,22
6966,"Mycteria leucocephala","Painted Stork",0,4,1,4,3,1,2,1,1,4,2,2,2,1,2,4,1,10,1,9,18,33,227,232,307,686,574,635,549,455,29
7042,"Phalacrocorax carbo","Great Cormorant",0,6,5,10,4,7,9,6,0,14,6,11,6,2,22,16,15,14,11,18,24,24,83,141,212,165,172,256,292,219,28
7134,"Ixobrychus minutus","Little Bittern",0,1,0,0,0,0,0,0,0,0,0,0,0,0,0,0,0,0,0,0,0,0,0,0,0,0,0,0,0,0,2
7346,"Plegadis falcinellus","Glossy Ibis",0,1,1,6,6,0,0,1,1,2,5,4,8,3,4,2,2,8,4,6,18,48,304,423,484,938,821,749,704,803,27
7398,"Platalea leucorodia","Eurasian Spoonbill",0,1,0,0,5,0,0,0,0,0,0,0,1,0,6,0,0,0,2,2,7,5,84,68,128,300,146,138,93,62,16
7742,"Accipiter trivirgatus","Crested Goshawk",0,1,3,0,5,6,5,2,1,1,1,4,7,2,11,15,26,28,27,38,35,32,41,121,168,205,211,216,330,299,28
8193,"Tyto alba","Barn Owl",0,2,0,0,1,0,0,0,0,0,1,0,0,0,2,2,0,2,2,4,3,6,45,75,56,117,284,327,463,221,18
8350,"Otus sunia","Oriental Scops-Owl",0,1,2,0,0,0,0,0,0,2,0,1,3,0,13,6,16,9,8,6,6,15,25,30,44,63,40,144,57,65,21
10273,"Psilopogon zeylanicus","Brown-headed Barbet",0,4,4,5,7,0,0,0,1,0,2,0,0,0,3,1,4,8,0,7,32,8,7,27,33,33,52,46,57,90,21
11463,"Falco tinnunculus","Eurasian Kestrel",0,1,3,5,1,2,4,1,3,5,4,18,2,1,15,11,20,23,20,24,45,30,44,62,186,186,145,163,120,170,29
20805,"Corvus macrorhynchos","Large-billed Crow",0,7,31,19,16,16,8,2,3,12,7,20,5,3,46,10,74,77,83,77,49,80,144,659,1884,2910,3572,4460,4453,2211,29
21922,"Alauda gulgula","Oriental Skylark",0,3,15,11,13,5,1,0,0,0,1,0,0,0,3,1,2,6,0,12,13,12,48,106,166,170,163,247,385,360,22
27712,"Turdus simillimus","Indian Blackbird",0,3,4,4,3,0,9,3,2,3,0,14,5,1,22,19,29,40,23,38,39,38,79,131,127,221,384,455,347,353,27
28200,"Eumyias thalassinus","Verditer Flycatcher",0,3,5,0,0,3,5,1,0,6,3,14,1,1,12,15,29,13,14,12,19,35,56,55,124,162,232,284,246,234,26
28712,"Saxicola caprata","Pied Bushchat",0,3,20,8,13,6,4,2,2,5,3,14,4,1,14,9,18,32,15,35,86,52,136,327,476,565,564,805,715,908,29
30637,"Motacilla flava","Western Yellow Wagtail",0,1,3,4,2,2,0,0,0,8,1,11,4,4,1,5,10,10,8,15,17,44,226,458,565,927,955,956,830,871,26
1695,"Perdicula erythrorhyncha","Painted Bush-Quail",0,0,2,1,0,1,1,2,2,0,1,1,4,0,6,1,7,6,5,2,11,9,11,21,26,37,43,38,28,41,25
1891,"Columba elphinstonii","Nilgiri Wood-Pigeon",0,0,1,2,1,0,2,0,0,2,1,8,2,0,16,15,22,24,20,17,32,29,41,52,69,87,123,156,63,134,24
1997,"Streptopelia decaocto","Eurasian Collared-Dove",0,0,1,2,1,0,0,1,0,1,0,0,0,0,1,1,1,0,0,0,1,1,1,3,0,2,3,4,2,2,17
2035,"Streptopelia chinensis","Spotted Dove",0,0,4,0,0,0,0,0,1,0,0,0,0,0,0,0,0,2,0,2,0,0,1,0,4,2,1,1,8,0,11
3391,"Batrachostomus moniliger","Sri Lanka Frogmouth",0,0,1,1,0,0,0,3,3,1,3,3,6,2,11,11,18,17,22,27,36,40,90,130,139,170,192,297,187,177,25
5922,"Calidris alba","Sanderling",0,0,1,1,1,0,0,0,0,0,1,0,1,1,4,4,0,2,3,6,9,18,47,79,54,75,82,149,165,147,21
6091,"Turnix suscitator","Barred Buttonquail",0,0,1,0,0,0,0,1,0,0,0,0,0,0,0,0,1,0,0,0,2,1,1,5,3,8,21,21,19,25,13
6959,"Leptoptilos javanicus","Lesser Adjutant",0,0,1,0,0,0,1,0,0,1,0,0,0,0,2,0,0,0,0,1,0,1,0,1,1,2,3,2,0,1,12
7249,"Bubulcus ibis","Cattle Egret",0,0,1,0,1,3,0,2,1,1,2,1,3,0,7,3,3,3,8,23,11,11,105,256,441,3,3,1,16,0,25
7332,"Gorsachius melanolophus","Malayan Night-Heron",0,0,1,0,1,0,0,1,0,1,0,0,0,0,1,4,0,2,1,4,1,3,0,4,2,7,4,6,2,2,18
7525,"Aegypius monachus","Cinereous Vulture",0,0,1,0,0,0,0,0,0,0,0,0,0,0,0,0,0,0,0,0,0,0,0,0,0,0,0,0,0,0,2
7624,"Lophotriorchis kienerii","Rufous-bellied Eagle",0,0,2,2,0,1,1,0,1,1,3,10,2,0,9,8,13,9,11,16,12,9,23,59,48,59,82,103,92,104,25
7647,"Hieraaetus pennatus","Booted Eagle",0,0,1,0,2,1,1,0,0,3,0,7,4,2,8,10,23,20,25,32,28,17,70,95,162,315,378,409,695,644,24
8903,"Ninox scutulata","Brown Boobook",0,0,1,0,0,1,2,1,0,5,2,9,3,0,19,12,21,13,17,20,15,31,61,73,114,202,193,445,487,439,24
9406,"Alcedo meninting","Blue-eared Kingfisher",0,0,1,0,0,0,0,0,1,0,1,0,0,0,2,2,1,0,1,0,0,1,2,4,11,12,10,12,26,29,16
9901,"Eurystomus orientalis","Dollarbird",0,0,1,1,0,1,3,2,1,2,1,11,7,1,13,6,31,25,13,26,16,36,72,124,119,162,148,205,150,120,27
10528,"Picumnus innominatus","Speckled Piculet",0,0,2,0,0,0,0,1,0,2,0,4,0,0,6,10,6,5,6,11,2,5,4,20,21,28,32,30,36,45,20
11012,"Chrysocolaptes guttacristatus","Greater Flameback",0,0,2,0,0,0,0,0,0,0,0,0,0,0,0,0,0,3,0,0,0,0,2,0,2,2,1,3,8,4,9
11575,"Falco peregrinus","Peregrine Falcon",0,0,1,0,0,0,1,0,1,2,1,2,1,0,7,2,2,3,3,1,7,7,10,15,25,67,48,143,109,97,23
19666,"Dicrurus leucophaeus","Ashy Drongo",0,0,3,0,0,0,0,0,0,0,0,0,0,0,0,0,0,1,0,0,0,0,0,0,0,0,0,1,4,0,5
20261,"Lanius schach","Long-tailed Shrike",0,0,1,2,2,3,3,4,4,5,2,11,2,0,12,8,7,20,15,14,31,33,71,183,219,285,309,502,409,537,27
21121,"Culicicapa ceylonensis","Gray-headed Canary-Flycatcher",0,0,6,1,0,2,2,0,0,6,2,20,7,0,30,20,37,38,38,30,112,39,27,127,101,155,213,378,126,260,24
21557,"Ammomanes phoenicura","Rufous-tailed Lark",0,0,1,2,0,2,0,0,0,0,0,1,0,0,0,0,0,0,0,0,0,0,0,0,0,0,1,0,6,3,7
21997,"Galerida malabarica","Malabar Lark",0,0,1,3,5,1,0,0,2,0,0,1,0,0,3,4,2,2,0,4,9,8,17,62,96,197,167,201,382,364,21
22789,"Iduna caligata","Booted Warbler",0,0,1,1,0,0,0,0,0,1,0,3,1,0,0,0,1,0,0,5,1,4,5,14,44,56,71,86,67,58,17
22872,"Acrocephalus stentoreus","Clamorous Reed Warbler",0,0,3,1,0,0,3,0,0,1,0,5,1,2,1,3,8,9,3,12,8,21,104,283,449,654,851,745,781,886,23
23058,"Schoenicola platyurus","Broad-tailed Grassbird",0,0,2,1,0,0,0,0,0,0,1,2,0,0,14,3,5,10,5,8,7,5,3,12,7,23,12,12,3,8,20
23318,"Hirundo domicola","Hill Swallow",0,0,4,2,0,1,1,1,1,1,1,5,3,0,22,19,12,22,14,21,59,27,55,88,98,110,120,246,123,248,26
23339,"Cecropis daurica","Red-rumped Swallow",0,0,1,0,0,0,0,0,0,0,0,0,1,0,0,0,0,1,0,1,0,0,0,0,0,0,0,0,10,0,6
23408,"Delichon urbicum","Common House-Martin",0,0,1,0,0,0,0,0,0,1,0,2,0,0,2,0,1,2,0,0,2,0,0,1,0,2,0,5,1,1,12
23868,"Hypsipetes ganeesa","Square-tailed Bulbul",0,0,6,1,5,3,6,3,1,2,5,39,4,2,44,42,59,65,70,52,95,54,62,128,142,225,338,697,324,656,28
23869,"Hypsipetes ganeesa","Square-tailed Bulbul",0,0,1,2,0,0,0,0,1,1,0,0,0,0,0,0,0,2,1,1,0,0,1,3,1,3,2,7,5,0,15
24506,"Chrysomma sinense","Yellow-eyed Babbler",0,0,3,0,0,0,0,1,0,0,1,0,1,0,1,0,1,1,0,4,3,3,14,15,13,12,11,18,18,19,18
25591,"Montecincla cachinnans","Nilgiri Laughingthrush",0,0,1,0,0,0,0,0,0,0,0,0,0,0,3,2,1,0,0,4,0,1,1,0,0,1,0,1,5,10,11
25592,"Montecincla fairbanki","Palani Laughingthrush",0,0,1,2,0,1,3,1,3,2,3,9,4,1,14,8,25,38,16,15,101,41,50,136,126,153,263,438,165,283,27
25872,"Pterorhinus delesserti","Wayanad Laughingthrush",0,0,1,1,3,2,6,2,0,2,3,15,4,1,24,18,14,4,10,15,16,15,17,19,21,40,34,65,38,24,27
25980,"Sitta castanea","Indian Nuthatch",0,0,1,0,1,0,0,0,0,5,1,0,0,1,0,0,0,0,0,0,0,0,3,3,8,12,2,3,3,4,13
26923,"Sturnia pagodarum","Brahminy Starling",0,0,1,3,4,1,0,2,0,2,1,2,2,1,1,1,3,4,0,8,6,6,38,94,173,210,177,209,365,295,25
27280,"Zoothera neilgherriensis","Nilgiri Thrush",0,0,2,1,0,0,0,0,1,0,0,0,0,1,2,0,2,2,1,1,3,7,1,2,13,8,14,14,7,4,19
27415,"Geokichla wardii","Pied Thrush",0,0,1,0,0,0,0,0,0,0,0,0,0,1,0,0,0,0,0,0,0,0,0,0,0,1,1,3,3,0,7
27470,"Geokichla citrina","Orange-headed Thrush",0,0,1,5,3,1,2,0,0,0,0,2,3,0,0,9,1,1,1,4,1,2,7,3,4,11,66,211,200,226,22
28066,"Sholicola albiventris","White-bellied Sholakili",0,0,1,1,0,0,0,2,1,0,1,3,1,0,7,1,6,19,4,10,38,24,18,55,57,78,124,121,55,68,23
28095,"Cyornis rubeculoides","Blue-throated Flycatcher",0,0,4,0,0,0,2,1,0,8,3,2,4,0,13,12,19,27,23,31,18,30,62,59,116,140,150,214,218,203,23
28194,"Eumyias albicaudatus","Nilgiri Flycatcher",0,0,3,0,0,0,2,1,1,0,2,11,5,2,26,13,24,33,19,20,41,38,55,110,129,166,217,337,130,305,24
28402,"Larvivora brunnea","Indian Blue Robin",0,0,6,2,1,0,5,1,1,1,0,3,4,0,15,12,19,15,36,24,17,26,40,41,88,103,146,180,116,172,25
28516,"Ficedula nigrorufa","Black-and-orange Flycatcher",0,0,3,1,0,0,2,1,1,0,2,2,2,0,8,11,8,20,10,14,61,30,26,59,73,76,124,160,63,173,24
30318,"Amandava amandava","Red Avadavat",0,0,1,0,0,0,1,0,0,2,1,2,0,1,0,0,1,3,0,2,4,7,11,44,38,46,67,141,105,113,19
30791,"Anthus nilghiriensis","Nilgiri Pipit",0,0,1,2,1,0,1,1,3,1,2,3,3,2,17,3,5,13,7,12,42,23,35,54,42,54,55,103,31,48,27
31096,"Carpodacus erythrinus","Common Rosefinch",0,0,5,2,0,0,7,0,1,5,0,13,1,0,13,13,15,26,9,11,22,7,13,48,67,94,164,209,151,109,23
541,"Anas crecca","Green-winged Teal",0,0,0,1,0,0,0,0,0,0,2,2,3,1,2,1,1,3,2,1,3,4,3,23,49,116,104,81,39,29,21
2768,"Ducula badia","Mountain Imperial-Pigeon",0,0,0,1,0,1,0,0,0,0,0,1,0,0,1,0,2,1,0,2,1,1,0,1,0,3,0,1,6,3,14
5436,"Rallina eurizonoides","Slaty-legged Crake",0,0,0,1,0,0,0,0,0,0,0,0,1,0,0,0,0,2,0,0,0,0,3,5,11,10,16,21,45,58,11
5456,"Zapornia pusilla","Baillon's Crake",0,0,0,1,0,0,0,1,0,0,1,3,0,0,2,1,3,1,0,1,0,0,9,40,97,125,48,45,108,42,17
5640,"Haematopus ostralegus","Eurasian Oystercatcher",0,0,0,1,1,0,0,2,0,0,1,0,0,0,1,0,0,0,0,3,5,7,6,25,14,16,18,32,49,32,16
5875,"Limosa lapponica","Bar-tailed Godwit",0,0,0,1,2,0,0,2,0,3,1,0,2,0,5,1,1,2,0,2,0,5,4,23,27,25,44,17,43,32,20
5911,"Calidris pugnax","Ruff",0,0,0,2,1,1,0,0,0,0,4,1,3,2,0,0,0,2,2,1,2,3,28,26,50,85,78,49,59,46,20
5912,"Calidris falcinellus","Broad-billed Sandpiper",0,0,0,1,0,0,0,0,0,0,1,0,0,0,1,0,1,2,1,0,3,4,20,34,9,52,35,62,84,37,16
6156,"Glareola maldivarum","Oriental Pratincole",0,0,0,2,0,1,1,1,0,0,0,0,0,0,0,1,0,1,0,1,0,3,4,6,2,16,6,10,19,6,16
6373,"Larus fuscus","Lesser Black-backed Gull",0,0,0,1,0,0,0,0,0,0,0,0,0,0,0,1,2,2,0,0,0,4,4,15,16,28,32,32,23,19,13
7379,"Pseudibis papillosa","Red-naped Ibis",0,0,0,1,0,0,0,0,0,0,0,1,0,0,0,0,0,0,0,0,0,0,0,0,1,3,0,4,2,4,7
7736,"Circus melanoleucos","Pied Harrier",0,0,0,1,0,0,0,0,0,0,0,1,0,0,0,1,1,1,0,0,0,0,2,0,0,2,7,27,3,4,11
8123,"Buteo buteo","Common Buzzard",0,0,0,1,0,0,0,0,0,1,0,2,0,0,3,3,2,13,9,8,20,4,4,10,14,13,18,35,32,31,19
8206,"Tyto alba","Barn Owl",0,0,0,1,0,0,0,0,0,0,0,0,0,0,0,0,0,0,0,0,0,0,0,1,0,0,0,0,0,0,3
8527,"Bubo nipalensis","Spot-bellied Eagle-Owl",0,0,0,2,0,0,0,0,2,4,1,1,0,1,3,1,5,4,4,4,3,6,9,15,20,35,34,53,38,66,22
8829,"Asio flammeus","Short-eared Owl",0,0,0,1,0,0,0,0,0,1,0,0,0,0,0,0,1,0,0,0,1,1,0,1,0,0,0,0,0,0,7
11464,"Falco tinnunculus","Eurasian Kestrel",0,0,0,1,0,0,0,0,0,0,0,0,0,0,0,0,0,0,0,0,0,1,0,0,0,1,0,0,0,0,4
11577,"Falco peregrinus","Peregrine Falcon",0,0,0,1,0,0,0,0,0,0,0,0,0,0,0,0,0,0,0,0,0,0,0,0,0,0,0,0,0,0,2
21829,"Calandrella dukhunensis","Mongolian Short-toed Lark",0,0,0,2,2,1,0,0,0,0,1,0,0,0,0,1,0,0,1,3,3,0,6,11,36,65,87,72,125,106,16
22820,"Acrocephalus agricola","Paddyfield Warbler",0,0,0,1,0,0,0,0,0,0,0,0,0,0,1,0,0,4,2,2,1,2,2,5,14,8,31,33,82,93,15
22962,"Locustella naevia","Common Grasshopper-Warbler",0,0,0,1,0,0,0,0,0,1,0,0,1,0,2,1,3,4,3,2,0,1,1,1,3,1,5,2,7,0,18
23312,"Hirundo smithii","Wire-tailed Swallow",0,0,0,2,1,1,1,1,0,0,1,0,4,2,2,5,2,3,1,9,15,10,23,149,210,234,311,818,937,993,24
27716,"Turdus simillimus","Indian Blackbird",0,0,0,1,0,1,0,0,0,0,0,0,0,0,0,0,0,0,0,0,0,1,2,0,1,1,1,4,9,18,10
28623,"Phoenicurus ochruros","Black Redstart",0,0,0,1,0,0,0,0,0,0,0,0,0,0,0,0,0,0,0,0,0,0,0,0,0,0,0,0,0,0,2
28657,"Monticola solitarius","Blue Rock-Thrush",0,0,0,2,0,0,2,0,0,0,1,1,3,0,4,6,6,2,3,2,9,15,13,21,31,31,41,43,43,80,21
30815,"Anthus hodgsoni","Olive-backed Pipit",0,0,0,1,0,0,0,0,0,2,0,2,0,0,0,0,1,0,1,0,3,0,0,1,3,7,3,7,3,3,13
3100,"Taccocua leschenaultii","Sirkeer Malkoha",0,0,0,0,1,0,0,0,0,0,0,0,0,0,0,0,0,1,1,0,3,1,5,6,10,2,1,6,6,14,13
6944,"Ciconia episcopus","Woolly-necked Stork",0,0,0,0,1,0,1,0,0,0,0,0,0,0,0,0,0,0,0,1,0,1,0,12,52,1,1,1,1,0,11
6970,"Fregata ariel","Lesser Frigatebird",0,0,0,0,1,0,0,0,0,0,0,0,0,0,0,0,1,1,0,1,0,1,0,3,0,3,0,0,2,0,9
7532,"Gyps bengalensis","White-rumped Vulture",0,0,0,0,2,0,0,0,0,5,0,1,0,1,0,1,1,0,6,0,0,1,13,13,21,41,8,8,11,9,16
11592,"Falco peregrinus","Peregrine Falcon",0,0,0,0,1,0,0,0,0,0,1,1,0,0,2,0,1,3,3,4,5,2,2,6,16,25,21,70,124,53,18
28508,"Ficedula zanthopygia","Yellow-rumped Flycatcher",0,0,0,0,1,0,0,0,0,0,0,0,0,0,1,1,0,0,0,0,0,0,0,0,1,0,0,0,0,2,5
29872,"Ploceus manyar","Streaked Weaver",0,0,0,0,1,0,1,0,0,1,2,0,0,1,1,0,1,5,0,2,5,1,79,94,80,93,139,134,117,88,19
30034,"Euodice malabarica","Indian Silverbill",0,0,0,0,1,0,0,0,0,0,0,0,0,0,0,0,0,0,0,1,1,1,4,2,11,5,5,8,6,27,12
1998,"Streptopelia decaocto","Eurasian Collared-Dove",0,0,0,0,0,1,0,0,0,0,0,0,0,0,0,0,0,0,0,0,1,0,0,0,0,0,0,0,0,0,3
3135,"Clamator coromandus","Chestnut-winged Cuckoo",0,0,0,0,0,1,1,2,0,0,0,2,4,1,3,0,4,4,0,1,2,2,6,3,3,11,7,8,13,14,20
7306,"Nycticorax nycticorax","Black-crowned Night-Heron",0,0,0,0,0,2,0,0,0,0,0,0,0,0,0,0,1,1,0,0,0,0,0,0,0,0,0,2,0,0,5
22786,"Arundinax aedon","Thick-billed Warbler",0,0,0,0,0,4,0,2,0,6,4,2,4,0,5,7,16,10,10,8,5,5,13,9,30,29,19,40,20,61,22
25593,"Montecincla meridionalis","Ashambu Laughingthrush",0,0,0,0,0,1,1,0,0,0,0,0,0,0,0,1,0,0,8,3,3,1,3,7,2,0,0,14,2,4,13
30649,"Motacilla flava","Western Yellow Wagtail",0,0,0,0,0,1,0,0,0,0,0,0,0,0,0,0,1,0,0,1,0,0,2,4,5,18,6,6,4,1,11
30704,"Anthus richardi","Richard's Pipit",0,0,0,0,0,1,0,0,0,0,0,0,0,0,0,1,2,2,0,4,7,3,11,16,15,11,18,13,16,14,15
448,"Mareca strepera","Gadwall",0,0,0,0,0,0,1,0,0,0,0,0,0,0,0,0,0,0,0,0,0,0,0,0,1,0,0,0,0,0,3
3581,"Caprimulgus indicus","Jungle Nightjar",0,0,0,0,0,0,2,1,0,2,1,4,2,0,3,5,6,5,0,4,6,3,17,18,60,87,78,135,98,115,21
5714,"Vanellus leucurus","White-tailed Lapwing",0,0,0,0,0,0,1,0,0,0,1,0,0,0,0,1,0,0,0,0,0,0,0,2,0,0,0,0,0,15,5
5728,"Charadrius mongolus","Lesser Sand-Plover",0,0,0,0,0,0,1,0,0,0,0,0,0,0,0,0,0,0,0,0,0,1,1,0,1,0,0,1,0,0,6
7674,"Aquila fasciata","Bonelli's Eagle",0,0,0,0,0,0,1,0,0,1,2,2,2,0,4,4,3,5,5,4,7,3,10,23,11,15,29,74,49,54,21
24423,"Curruca curruca","Lesser Whitethroat",0,0,0,0,0,0,1,0,0,0,0,0,0,0,0,0,0,0,0,0,0,0,0,0,0,0,0,11,13,22,4
28560,"Ficedula albicilla","Taiga Flycatcher",0,0,0,0,0,0,1,0,0,0,1,0,0,0,0,0,0,0,0,1,1,1,1,0,2,2,4,2,29,22,12
2039,"Streptopelia senegalensis","Laughing Dove",0,0,0,0,0,0,0,1,0,0,1,1,0,0,2,0,1,1,0,7,4,4,28,27,31,22,29,30,19,27,17
5702,"Vanellus cinereus","Gray-headed Lapwing",0,0,0,0,0,0,0,1,1,0,0,1,0,0,0,1,0,3,1,1,3,8,10,34,20,32,35,40,69,69,17
5899,"Calidris tenuirostris","Great Knot",0,0,0,0,0,0,0,1,0,0,1,0,0,0,0,0,0,1,1,3,1,5,9,25,10,9,3,7,4,14,15
6506,"Chlidonias leucopterus","White-winged Tern",0,0,0,0,0,0,0,1,0,0,0,0,0,0,0,0,0,0,0,0,2,1,2,6,1,19,4,2,12,5,11
7978,"Haliaeetus humilis","Lesser Fish-Eagle",0,0,0,0,0,0,0,1,0,1,1,1,1,0,11,1,19,5,5,7,5,6,22,35,37,37,27,93,18,33,21
8737,"Strix leptogrammica","Brown Wood-Owl",0,0,0,0,0,0,0,1,0,1,0,0,2,0,0,2,0,0,1,3,2,0,2,10,12,63,56,66,102,71,15
11028,"Chrysocolaptes festivus","White-naped Woodpecker",0,0,0,0,0,0,0,1,0,1,0,0,0,0,0,0,0,1,0,0,0,0,2,1,1,2,0,6,2,5,10
23727,"Pycnonotus xantholaemus","Yellow-throated Bulbul",0,0,0,0,0,0,0,1,0,0,0,0,0,0,0,1,1,0,0,2,1,2,2,7,8,7,3,7,8,3,14
240,"Anser indicus","Bar-headed Goose",0,0,0,0,0,0,0,0,1,0,2,0,0,2,0,0,0,0,0,2,3,0,1,8,2,29,6,15,19,1,13
28661,"Monticola solitarius","Blue Rock-Thrush",0,0,0,0,0,0,0,0,1,0,0,0,0,0,0,0,0,0,0,0,1,0,0,0,0,0,0,0,0,0,3
30662,"Motacilla citreola","Citrine Wagtail",0,0,0,0,0,0,0,0,1,0,0,0,0,0,0,0,0,3,1,1,1,0,2,6,0,2,8,10,6,20,12
1988,"Streptopelia orientalis","Oriental Turtle-Dove",0,0,0,0,0,0,0,0,0,1,0,0,0,0,1,0,0,0,0,1,0,2,1,7,13,18,15,16,69,87,12
3333,"Hierococcyx sparverioides","Large Hawk-Cuckoo",0,0,0,0,0,0,0,0,0,1,0,0,0,0,4,2,3,3,1,2,2,1,6,4,14,6,4,3,8,3,17
3359,"Cuculus canorus","Common Cuckoo",0,0,0,0,0,0,0,0,0,1,0,0,0,0,0,0,1,0,1,0,0,0,2,5,53,55,78,40,200,49,11
5919,"Calidris subminuta","Long-toed Stint",0,0,0,0,0,0,0,0,0,1,0,0,0,0,0,1,1,0,0,0,0,0,0,7,8,54,20,30,9,26,10
6035,"Tringa erythropus","Spotted Redshank",0,0,0,0,0,0,0,0,0,2,0,0,0,0,0,0,0,2,1,0,0,0,7,16,9,9,24,14,14,29,11
7523,"Sarcogyps calvus","Red-headed Vulture",0,0,0,0,0,0,0,0,0,3,0,0,0,0,1,1,0,0,3,0,0,1,6,10,13,32,3,6,5,9,13
7584,"Circaetus gallicus","Short-toed Snake-Eagle",0,0,0,0,0,0,0,0,0,1,0,2,1,0,0,0,1,2,2,2,3,0,10,8,10,7,7,17,6,10,16
7601,"Nisaetus cirrhatus","Changeable Hawk-Eagle",0,0,0,0,0,0,0,0,0,1,1,0,0,0,2,1,0,2,3,0,1,7,1,4,2,3,12,227,585,568,16
7737,"Circus pygargus","Montagu's Harrier",0,0,0,0,0,0,0,0,0,2,0,2,0,0,5,2,0,1,0,1,1,0,1,2,16,17,10,10,5,5,15
7885,"Accipiter nisus","Eurasian Sparrowhawk",0,0,0,0,0,0,0,0,0,1,0,2,0,1,0,0,0,2,0,0,1,1,2,1,4,3,4,6,13,6,14
11800,"Psittacula eupatria","Alexandrine Parakeet",0,0,0,0,0,0,0,0,0,2,0,0,0,1,0,0,0,0,2,0,0,0,0,1,2,0,2,0,0,2,7
25590,"Montecincla jerdoni","Banasura Laughingthrush",0,0,0,0,0,0,0,0,0,1,0,0,0,0,1,3,1,0,1,2,8,0,0,0,1,0,5,3,0,7,11
3349,"Cuculus poliocephalus","Lesser Cuckoo",0,0,0,0,0,0,0,0,0,0,1,1,1,0,0,0,0,0,0,0,0,1,0,0,7,1,1,0,5,4,9
5968,"Lymnocryptes minimus","Jack Snipe",0,0,0,0,0,0,0,0,0,0,1,0,0,0,0,0,0,1,0,0,0,0,0,1,0,0,1,0,0,0,5
5992,"Gallinago nemoricola","Wood Snipe",0,0,0,0,0,0,0,0,0,0,2,0,0,0,0,1,0,0,0,0,0,0,0,0,0,0,0,0,0,0,3
6549,"Sterna acuticauda","Black-bellied Tern",0,0,0,0,0,0,0,0,0,0,1,0,0,0,0,0,0,0,0,0,0,0,0,0,10,3,0,0,0,0,4
7613,"Nisaetus kelaarti","Legge's Hawk-Eagle",0,0,0,0,0,0,0,0,0,0,1,2,1,0,2,2,3,4,2,6,6,9,8,29,10,26,21,26,34,28,19
8128,"Buteo buteo","Common Buzzard",0,0,0,0,0,0,0,0,0,0,1,0,0,0,1,0,0,0,1,2,5,3,3,6,0,4,3,4,5,2,13
9871,"Coracias garrulus","European Roller",0,0,0,0,0,0,0,0,0,0,3,0,0,0,0,0,0,0,0,0,5,1,3,5,0,7,11,2,21,21,10
28561,"Ficedula subrubra","Kashmir Flycatcher",0,0,0,0,0,0,0,0,0,0,2,0,0,0,0,0,0,1,0,0,1,0,1,0,1,2,0,1,0,1,8
28680,"Saxicola maurus","Siberian Stonechat",0,0,0,0,0,0,0,0,0,0,1,2,0,0,1,0,4,2,1,4,5,5,22,69,154,133,198,203,301,342,17
4038,"Apus leuconyx","Blyth's Swift",0,0,0,0,0,0,0,0,0,0,0,1,1,0,2,5,7,1,4,1,0,2,0,8,9,21,2,12,31,25,16
6085,"Turnix tanki","Yellow-legged Buttonquail",0,0,0,0,0,0,0,0,0,0,0,1,0,0,0,0,1,0,0,2,0,0,0,1,0,1,3,1,6,4,9
6599,"Phaethon aethereus","Red-billed Tropicbird",0,0,0,0,0,0,0,0,0,0,0,1,0,0,0,1,0,0,0,0,0,1,0,0,0,1,2,2,0,0,7
7459,"Neophron percnopterus","Egyptian Vulture",0,0,0,0,0,0,0,0,0,0,0,1,0,1,0,0,0,1,1,2,0,0,0,0,0,0,0,1,22,0,8
7498,"Aviceda jerdoni","Jerdon's Baza",0,0,0,0,0,0,0,0,0,0,0,1,0,0,0,0,1,1,1,0,0,0,0,1,2,4,0,0,4,6,9
7642,"Clanga clanga","Greater Spotted Eagle",0,0,0,0,0,0,0,0,0,0,0,1,0,2,2,1,2,3,3,6,8,7,24,29,48,118,171,136,162,135,18
7655,"Aquila nipalensis","Steppe Eagle",0,0,0,0,0,0,0,0,0,0,0,3,0,0,1,2,1,1,1,3,0,1,6,0,0,10,6,2,1,2,14
7660,"Aquila heliaca","Imperial Eagle",0,0,0,0,0,0,0,0,0,0,0,1,0,0,0,0,0,0,0,0,0,0,0,0,0,0,0,0,0,0,2
11462,"Falco naumanni","Lesser Kestrel",0,0,0,0,0,0,0,0,0,0,0,1,1,0,0,0,2,1,0,0,0,0,1,3,1,7,1,3,1,0,12
25008,"Dumetia atriceps","Dark-fronted Babbler",0,0,0,0,0,0,0,0,0,0,0,1,0,0,1,0,0,1,0,0,0,2,1,1,0,1,2,1,2,1,11
28562,"Ficedula parva","Red-breasted Flycatcher",0,0,0,0,0,0,0,0,0,0,0,1,0,0,0,0,0,0,0,0,0,0,0,0,0,0,0,0,0,1,2
30740,"Anthus similis","Long-billed Pipit",0,0,0,0,0,0,0,0,0,0,0,1,0,0,0,0,0,2,4,4,2,0,1,5,5,2,1,5,11,7,13
443,"Spatula clypeata","Northern Shoveler",0,0,0,0,0,0,0,0,0,0,0,0,2,0,1,3,0,1,1,1,5,3,12,44,107,256,103,131,95,100,16
454,"Mareca penelope","Eurasian Wigeon",0,0,0,0,0,0,0,0,0,0,0,0,1,0,0,0,1,0,2,1,0,1,2,6,12,47,8,5,5,3,13
1759,"Tachybaptus ruficollis","Little Grebe",0,0,0,0,0,0,0,0,0,0,0,0,3,0,0,0,1,0,1,1,0,0,0,0,0,0,0,0,0,0,5
2866,"Chlamydotis macqueenii","Macqueen's Bustard",0,0,0,0,0,0,0,0,0,0,0,0,1,0,0,0,0,0,0,0,0,0,0,0,0,0,0,0,0,0,2
6266,"Chroicocephalus genei","Slender-billed Gull",0,0,0,0,0,0,0,0,0,0,0,0,1,1,0,0,0,0,0,3,0,3,5,25,67,42,38,111,41,32,12
6410,"Anous stolidus","Brown Noddy",0,0,0,0,0,0,0,0,0,0,0,0,1,0,0,0,0,0,0,0,3,2,2,0,0,0,1,0,1,0,7
6456,"Onychoprion anaethetus","Bridled Tern",0,0,0,0,0,0,0,0,0,0,0,0,1,0,0,0,0,0,2,28,23,11,12,30,18,26,10,12,17,5,13
6869,"Ardenna carneipes","Flesh-footed Shearwater",0,0,0,0,0,0,0,0,0,0,0,0,1,0,0,0,0,0,2,11,15,16,14,14,15,5,0,2,2,2,12
7218,"Egretta garzetta","Little Egret",0,0,0,0,0,0,0,0,0,0,0,0,1,0,0,0,0,3,1,3,0,0,1,1,0,0,1,0,11,0,9
7430,"Pandion haliaetus","Osprey",0,0,0,0,0,0,0,0,0,0,0,0,1,0,0,0,0,0,0,1,0,0,0,1,0,0,0,0,1,0,5
22790,"Iduna rama","Sykes's Warbler",0,0,0,0,0,0,0,0,0,0,0,0,1,0,0,0,1,1,2,1,1,0,1,5,11,11,17,27,12,7,14
23957,"Phylloscopus tytleri","Tytler's Leaf Warbler",0,0,0,0,0,0,0,0,0,0,0,0,2,0,7,6,3,8,0,4,4,8,4,8,13,8,10,16,13,11,16
30641,"Motacilla flava","Western Yellow Wagtail",0,0,0,0,0,0,0,0,0,0,0,0,1,0,0,1,1,0,2,1,0,3,8,33,56,58,16,13,15,10,14
376,"Tadorna ferruginea","Ruddy Shelduck",0,0,0,0,0,0,0,0,0,0,0,0,0,1,0,0,1,0,0,0,1,0,0,0,0,1,58,2,4,0,8
5633,"Recurvirostra avosetta","Pied Avocet",0,0,0,0,0,0,0,0,0,0,0,0,0,1,0,0,1,0,1,1,1,1,1,14,4,9,0,14,0,0,12
7046,"Phalacrocorax carbo","Great Cormorant",0,0,0,0,0,0,0,0,0,0,0,0,0,1,0,0,1,0,0,0,1,0,0,6,0,2,0,0,4,0,7
7949,"Milvus migrans","Black Kite",0,0,0,0,0,0,0,0,0,0,0,0,0,1,1,1,1,0,0,1,1,2,20,80,53,1,1,0,3,2,14
5751,"Charadrius alexandrinus","Kentish Plover",0,0,0,0,0,0,0,0,0,0,0,0,0,0,1,0,0,0,0,0,0,0,0,0,0,0,0,1,0,0,3
6592,"Phaethon lepturus","White-tailed Tropicbird",0,0,0,0,0,0,0,0,0,0,0,0,0,0,1,0,0,0,1,0,0,0,0,1,0,0,0,0,0,0,4
6980,"Fregata minor","Great Frigatebird",0,0,0,0,0,0,0,0,0,0,0,0,0,0,1,2,0,1,0,0,0,0,0,1,0,1,0,1,0,0,7
7641,"Clanga hastata","Indian Spotted Eagle",0,0,0,0,0,0,0,0,0,0,0,0,0,0,1,1,0,1,1,2,6,9,14,15,17,31,16,8,26,9,15
7713,"Butastur teesa","White-eyed Buzzard",0,0,0,0,0,0,0,0,0,0,0,0,0,0,1,1,3,3,1,2,0,1,3,1,11,27,31,19,21,23,15
9448,"Ceyx erithaca","Black-backed Dwarf-Kingfisher",0,0,0,0,0,0,0,0,0,0,0,0,0,0,1,2,1,1,3,1,4,4,4,6,13,15,41,42,26,27,16
10519,"Jynx torquilla","Eurasian Wryneck",0,0,0,0,0,0,0,0,0,0,0,0,0,0,1,1,2,1,1,1,0,0,1,1,10,1,3,8,37,9,14
17926,"Pericrocotus divaricatus","Ashy Minivet",0,0,0,0,0,0,0,0,0,0,0,0,0,0,1,0,0,0,0,0,0,2,0,0,1,0,0,0,0,0,4
22422,"Prinia sylvatica","Jungle Prinia",0,0,0,0,0,0,0,0,0,0,0,0,0,0,3,1,0,2,0,4,16,0,10,20,17,21,31,28,25,32,13
23376,"Petrochelidon fluvicola","Streak-throated Swallow",0,0,0,0,0,0,0,0,0,0,0,0,0,0,1,0,0,0,0,1,3,2,6,11,34,72,71,111,82,150,12
24433,"Curruca curruca","Lesser Whitethroat",0,0,0,0,0,0,0,0,0,0,0,0,0,0,1,0,0,1,0,2,0,2,0,0,12,14,7,4,3,2,10
25710,"Argya striata","Jungle Babbler",0,0,0,0,0,0,0,0,0,0,0,0,0,0,3,0,1,4,1,0,1,0,0,1,1,3,0,2,7,1,11
28065,"Sholicola major","Nilgiri Sholakili",0,0,0,0,0,0,0,0,0,0,0,0,0,0,5,7,2,0,2,5,2,0,2,0,0,0,4,1,0,4,10
30765,"Anthus godlewskii","Blyth's Pipit",0,0,0,0,0,0,0,0,0,0,0,0,0,0,1,0,0,0,0,1,2,2,5,3,12,17,55,42,98,69,12
6171,"Stercorarius antarcticus","Brown Skua",0,0,0,0,0,0,0,0,0,0,0,0,0,0,0,1,0,0,0,0,0,0,0,0,0,0,0,0,0,0,2
7128,"Botaurus stellaris","Great Bittern",0,0,0,0,0,0,0,0,0,0,0,0,0,0,0,2,1,0,0,0,0,0,0,0,1,2,0,1,0,0,6
7478,"Pernis ptilorhynchus","Oriental Honey-buzzard",0,0,0,0,0,0,0,0,0,0,0,0,0,0,0,1,0,1,1,1,3,1,2,15,16,0,1,0,7,0,12
11544,"Falco severus","Oriental Hobby",0,0,0,0,0,0,0,0,0,0,0,0,0,0,0,1,0,0,0,0,0,0,0,0,0,0,0,0,0,0,2
28419,"Luscinia svecica","Bluethroat",0,0,0,0,0,0,0,0,0,0,0,0,0,0,0,1,0,0,0,0,1,1,0,4,15,20,8,14,15,10,10
609,"Aythya fuligula","Tufted Duck",0,0,0,0,0,0,0,0,0,0,0,0,0,0,0,0,1,0,2,0,0,0,0,0,0,0,0,0,0,0,3
5856,"Numenius phaeopus","Whimbrel",0,0,0,0,0,0,0,0,0,0,0,0,0,0,0,0,1,0,0,0,0,0,0,0,1,0,0,0,0,0,3
6176,"Stercorarius pomarinus","Pomarine Jaeger",0,0,0,0,0,0,0,0,0,0,0,0,0,0,0,0,2,0,0,0,3,2,0,2,7,21,15,2,6,4,10
6177,"Stercorarius parasiticus","Parasitic Jaeger",0,0,0,0,0,0,0,0,0,0,0,0,0,0,0,0,1,0,3,7,14,5,7,37,15,43,37,10,12,16,13
6426,"Anous tenuirostris","Lesser Noddy",0,0,0,0,0,0,0,0,0,0,0,0,0,0,0,0,1,0,0,0,0,0,0,1,0,1,1,0,1,0,6
7195,"Ardea purpurea","Purple Heron",0,0,0,0,0,0,0,0,0,0,0,0,0,0,0,0,1,1,0,1,0,0,0,0,0,0,1,0,4,0,6
7533,"Gyps indicus","Indian Vulture",0,0,0,0,0,0,0,0,0,0,0,0,0,0,0,0,1,1,0,0,0,0,1,0,0,0,0,2,0,1,5
20251,"Lanius cristatus","Brown Shrike",0,0,0,0,0,0,0,0,0,0,0,0,0,0,0,0,2,5,13,16,1,2,2,10,17,22,36,20,32,22,14
23059,"Schoenicola striatus","Bristled Grassbird",0,0,0,0,0,0,0,0,0,0,0,0,0,0,0,0,1,1,1,1,0,0,0,0,0,7,15,1,14,0,9
29621,"Irena puella","Asian Fairy-bluebird",0,0,0,0,0,0,0,0,0,0,0,0,0,0,0,0,1,3,0,0,0,1,2,0,2,8,4,0,4,1,9
31663,"Emberiza buchanani","Gray-necked Bunting",0,0,0,0,0,0,0,0,0,0,0,0,0,0,0,0,1,1,2,2,2,0,4,9,25,12,36,19,99,89,13
447,"Mareca strepera","Gadwall",0,0,0,0,0,0,0,0,0,0,0,0,0,0,0,0,0,1,1,0,0,0,1,2,3,3,1,1,0,1,9
4050,"Apus affinis","Little Swift",0,0,0,0,0,0,0,0,0,0,0,0,0,0,0,0,0,1,0,0,0,0,0,0,0,0,0,3,5,0,4
5754,"Charadrius alexandrinus","Kentish Plover",0,0,0,0,0,0,0,0,0,0,0,0,0,0,0,0,0,2,0,0,1,0,4,7,14,0,1,0,0,0,7
6846,"Bulweria fallax","Jouanin's Petrel",0,0,0,0,0,0,0,0,0,0,0,0,0,0,0,0,0,1,0,4,0,0,0,1,0,0,0,1,0,0,5
7208,"Ardea intermedia","Intermediate Egret",0,0,0,0,0,0,0,0,0,0,0,0,0,0,0,0,0,2,0,0,0,0,0,1,0,1,1,1,19,0,7
7223,"Egretta gularis","Western Reef-Heron",0,0,0,0,0,0,0,0,0,0,0,0,0,0,0,0,0,2,1,0,4,0,1,1,0,0,0,0,0,0,6
8351,"Otus sunia","Oriental Scops-Owl",0,0,0,0,0,0,0,0,0,0,0,0,0,0,0,0,0,1,0,0,2,0,0,0,0,0,0,1,0,1,4
9846,"Merops orientalis","Green Bee-eater",0,0,0,0,0,0,0,0,0,0,0,0,0,0,0,0,0,5,0,0,0,0,0,0,0,0,1,0,0,0,3
11524,"Falco amurensis","Amur Falcon",0,0,0,0,0,0,0,0,0,0,0,0,0,0,0,0,0,1,1,0,0,0,5,12,76,41,18,11,38,12,10
18879,"Oriolus chinensis","Black-naped Oriole",0,0,0,0,0,0,0,0,0,0,0,0,0,0,0,0,0,1,0,0,0,0,0,0,0,0,0,1,2,0,4
20247,"Lanius cristatus","Brown Shrike",0,0,0,0,0,0,0,0,0,0,0,0,0,0,0,0,0,1,0,2,0,0,0,0,0,0,0,1,6,0,5
20262,"Lanius schach","Long-tailed Shrike",0,0,0,0,0,0,0,0,0,0,0,0,0,0,0,0,0,1,0,0,0,0,1,1,0,0,3,0,2,0,6
22876,"Acrocephalus stentoreus","Clamorous Reed Warbler",0,0,0,0,0,0,0,0,0,0,0,0,0,0,0,0,0,1,0,0,0,0,0,0,0,0,0,0,0,0,2
27713,"Turdus simillimus","Indian Blackbird",0,0,0,0,0,0,0,0,0,0,0,0,0,0,0,0,0,2,0,0,3,0,2,1,2,10,5,1,3,2,10
28798,"Oenanthe isabellina","Isabelline Wheatear",0,0,0,0,0,0,0,0,0,0,0,0,0,0,0,0,0,2,0,0,0,1,5,2,1,1,0,9,6,4,9
30319,"Amandava amandava","Red Avadavat",0,0,0,0,0,0,0,0,0,0,0,0,0,0,0,0,0,1,0,0,0,0,0,0,0,0,0,0,0,0,2
30824,"Anthus cervinus","Red-throated Pipit",0,0,0,0,0,0,0,0,0,0,0,0,0,0,0,0,0,2,0,0,0,0,0,1,0,1,0,1,1,5,6
31621,"Emberiza melanocephala","Black-headed Bunting",0,0,0,0,0,0,0,0,0,0,0,0,0,0,0,0,0,1,2,1,0,0,0,0,5,2,27,10,15,9,9
31622,"Emberiza bruniceps","Red-headed Bunting",0,0,0,0,0,0,0,0,0,0,0,0,0,0,0,0,0,2,1,0,1,0,0,2,4,1,13,2,57,22,10
7555,"Spilornis cheela","Crested Serpent-Eagle",0,0,0,0,0,0,0,0,0,0,0,0,0,0,0,0,0,0,1,0,0,0,0,0,1,0,2,3,5,0,6
7981,"Haliaeetus ichthyaetus","Gray-headed Fish-Eagle",0,0,0,0,0,0,0,0,0,0,0,0,0,0,0,0,0,0,1,0,0,2,0,0,1,1,0,0,1,2,6
11518,"Falco chicquera","Red-necked Falcon",0,0,0,0,0,0,0,0,0,0,0,0,0,0,0,0,0,0,2,0,0,0,0,1,8,9,5,0,0,1,6
22759,"Cisticola exilis","Golden-headed Cisticola",0,0,0,0,0,0,0,0,0,0,0,0,0,0,0,0,0,0,4,1,1,0,0,0,3,21,7,3,7,38,9
23944,"Phylloscopus humei","Hume's Warbler",0,0,0,0,0,0,0,0,0,0,0,0,0,0,0,0,0,0,2,0,0,0,0,0,0,0,0,0,1,0,3
1498,"Galloperdix lunulata","Painted Spurfowl",0,0,0,0,0,0,0,0,0,0,0,0,0,0,0,0,0,0,0,1,0,2,0,1,4,1,2,6,1,4,9
2696,"Ducula aenea","Green Imperial-Pigeon",0,0,0,0,0,0,0,0,0,0,0,0,0,0,0,0,0,0,0,2,0,1,0,0,0,2,1,1,7,1,7
5616,"Esacus recurvirostris","Great Thick-knee",0,0,0,0,0,0,0,0,0,0,0,0,0,0,0,0,0,0,0,2,0,1,1,4,8,9,11,5,25,71,10
5951,"Calidris subruficollis","Buff-breasted Sandpiper",0,0,0,0,0,0,0,0,0,0,0,0,0,0,0,0,0,0,0,4,0,0,0,0,0,0,0,0,0,0,2
6152,"Glareola pratincola","Collared Pratincole",0,0,0,0,0,0,0,0,0,0,0,0,0,0,0,0,0,0,0,2,0,0,1,0,2,6,3,7,11,11,8
6179,"Stercorarius longicaudus","Long-tailed Jaeger",0,0,0,0,0,0,0,0,0,0,0,0,0,0,0,0,0,0,0,2,5,0,0,2,2,2,1,0,0,0,7
6446,"Onychoprion fuscatus","Sooty Tern",0,0,0,0,0,0,0,0,0,0,0,0,0,0,0,0,0,0,0,4,2,1,4,0,0,0,0,2,4,2,7
6685,"Oceanites oceanicus","Wilson's Storm-Petrel",0,0,0,0,0,0,0,0,0,0,0,0,0,0,0,0,0,0,0,15,14,5,1,29,10,29,0,27,2,1,10
6732,"Hydrobates monorhis","Swinhoe's Storm-Petrel",0,0,0,0,0,0,0,0,0,0,0,0,0,0,0,0,0,0,0,9,14,3,4,19,2,3,1,6,0,0,10
6872,"Ardenna pacifica","Wedge-tailed Shearwater",0,0,0,0,0,0,0,0,0,0,0,0,0,0,0,0,0,0,0,2,0,0,1,0,0,0,0,0,0,0,3
6916,"Puffinus persicus","Persian Shearwater",0,0,0,0,0,0,0,0,0,0,0,0,0,0,0,0,0,0,0,3,0,0,3,1,0,0,0,0,0,0,4
25702,"Argya malcolmi","Large Gray Babbler",0,0,0,0,0,0,0,0,0,0,0,0,0,0,0,0,0,0,0,2,1,1,2,7,10,15,12,3,3,15,11
30767,"Anthus campestris","Tawny Pipit",0,0,0,0,0,0,0,0,0,0,0,0,0,0,0,0,0,0,0,4,1,1,4,3,13,11,12,17,59,18,11
2809,"Pterocles exustus","Chestnut-bellied Sandgrouse",0,0,0,0,0,0,0,0,0,0,0,0,0,0,0,0,0,0,0,0,1,0,0,0,0,0,0,0,0,0,2
6021,"Phalaropus lobatus","Red-necked Phalarope",0,0,0,0,0,0,0,0,0,0,0,0,0,0,0,0,0,0,0,0,1,0,2,0,0,0,0,0,2,10,4
6170,"Stercorarius maccormicki","South Polar Skua",0,0,0,0,0,0,0,0,0,0,0,0,0,0,0,0,0,0,0,0,1,0,0,0,0,0,0,0,0,0,2
6862,"Calonectris leucomelas","Streaked Shearwater",0,0,0,0,0,0,0,0,0,0,0,0,0,0,0,0,0,0,0,0,3,2,0,0,0,0,0,0,0,0,3
9853,"Merops persicus","Blue-cheeked Bee-eater",0,0,0,0,0,0,0,0,0,0,0,0,0,0,0,0,0,0,0,0,1,0,90,163,92,169,84,59,31,18,9
28015,"Copsychus saularis","Oriental Magpie-Robin",0,0,0,0,0,0,0,0,0,0,0,0,0,0,0,0,0,0,0,0,1,0,0,0,0,1,0,0,3,0,4
4002,"Apus apus","Common Swift",0,0,0,0,0,0,0,0,0,0,0,0,0,0,0,0,0,0,0,0,0,1,0,0,0,1,0,1,1,0,5
5740,"Charadrius asiaticus","Caspian Plover",0,0,0,0,0,0,0,0,0,0,0,0,0,0,0,0,0,0,0,0,0,8,1,1,0,0,1,1,0,0,6
5953,"Calidris melanotos","Pectoral Sandpiper",0,0,0,0,0,0,0,0,0,0,0,0,0,0,0,0,0,0,0,0,0,9,0,0,0,2,1,0,0,0,4
6254,"Rissa tridactyla","Black-legged Kittiwake",0,0,0,0,0,0,0,0,0,0,0,0,0,0,0,0,0,0,0,0,0,6,0,0,0,0,0,1,0,0,3
6260,"Xema sabini","Sabine's Gull",0,0,0,0,0,0,0,0,0,0,0,0,0,0,0,0,0,0,0,0,0,1,0,0,0,0,0,0,0,0,2
6440,"Gygis alba","White Tern",0,0,0,0,0,0,0,0,0,0,0,0,0,0,0,0,0,0,0,0,0,1,0,0,0,0,0,0,1,0,3
6513,"Sterna dougallii","Roseate Tern",0,0,0,0,0,0,0,0,0,0,0,0,0,0,0,0,0,0,0,0,0,1,0,4,0,0,0,0,0,0,3
6863,"Calonectris diomedea","Cory's Shearwater",0,0,0,0,0,0,0,0,0,0,0,0,0,0,0,0,0,0,0,0,0,1,0,0,0,0,0,0,0,0,2
7005,"Sula sula","Red-footed Booby",0,0,0,0,0,0,0,0,0,0,0,0,0,0,0,0,0,0,0,0,0,1,0,0,0,0,0,5,1,0,4
7270,"Butorides striata","Striated Heron",0,0,0,0,0,0,0,0,0,0,0,0,0,0,0,0,0,0,0,0,0,1,1,0,0,0,0,0,0,0,3
7539,"Gyps himalayensis","Himalayan Griffon",0,0,0,0,0,0,0,0,0,0,0,0,0,0,0,0,0,0,0,0,0,1,0,0,0,0,2,0,0,2,3
9851,"Merops viridis","Blue-throated Bee-eater",0,0,0,0,0,0,0,0,0,0,0,0,0,0,0,0,0,0,0,0,0,3,0,0,0,0,0,0,0,0,2
28032,"Copsychus malabaricus","White-rumped Shama",0,0,0,0,0,0,0,0,0,0,0,0,0,0,0,0,0,0,0,0,0,1,0,0,0,0,0,0,2,0,3
28785,"Oenanthe oenanthe","Northern Wheatear",0,0,0,0,0,0,0,0,0,0,0,0,0,0,0,0,0,0,0,0,0,1,0,1,0,0,0,0,3,0,4
30755,"Anthus similis","Long-billed Pipit",0,0,0,0,0,0,0,0,0,0,0,0,0,0,0,0,0,0,0,0,0,1,0,0,0,0,0,0,0,1,2
30811,"Anthus trivialis","Tree Pipit",0,0,0,0,0,0,0,0,0,0,0,0,0,0,0,0,0,0,0,0,0,1,2,2,11,13,9,17,68,15,9
2024,"Streptopelia tranquebarica","Red Collared-Dove",0,0,0,0,0,0,0,0,0,0,0,0,0,0,0,0,0,0,0,0,0,0,4,11,9,9,11,7,3,4,8
3056,"Centropus sinensis","Greater Coucal",0,0,0,0,0,0,0,0,0,0,0,0,0,0,0,0,0,0,0,0,0,0,3,1,0,0,0,1,0,2,4
5601,"Burhinus indicus","Indian Thick-knee",0,0,0,0,0,0,0,0,0,0,0,0,0,0,0,0,0,0,0,0,0,0,2,4,7,19,12,41,125,147,8
5767,"Charadrius hiaticula","Common Ringed Plover",0,0,0,0,0,0,0,0,0,0,0,0,0,0,0,0,0,0,0,0,0,0,9,11,10,15,13,23,18,27,8
5900,"Calidris canutus","Red Knot",0,0,0,0,0,0,0,0,0,0,0,0,0,0,0,0,0,0,0,0,0,0,1,0,0,0,2,0,4,0,4
5969,"Scolopax rusticola","Eurasian Woodcock",0,0,0,0,0,0,0,0,0,0,0,0,0,0,0,0,0,0,0,0,0,0,1,0,0,0,0,0,0,0,2
6875,"Ardenna tenuirostris","Short-tailed Shearwater",0,0,0,0,0,0,0,0,0,0,0,0,0,0,0,0,0,0,0,0,0,0,2,0,1,0,0,0,0,0,3
6979,"Fregata andrewsi","Christmas Island Frigatebird",0,0,0,0,0,0,0,0,0,0,0,0,0,0,0,0,0,0,0,0,0,0,1,0,0,0,0,4,0,0,3
7201,"Ardea alba","Great Egret",0,0,0,0,0,0,0,0,0,0,0,0,0,0,0,0,0,0,0,0,0,0,1,0,0,0,0,0,1,0,3
7720,"Circus spilonotus","Eastern Marsh-Harrier",0,0,0,0,0,0,0,0,0,0,0,0,0,0,0,0,0,0,0,0,0,0,1,0,0,0,0,0,0,0,2
7773,"Accipiter badius","Shikra",0,0,0,0,0,0,0,0,0,0,0,0,0,0,0,0,0,0,0,0,0,0,1,0,0,0,0,0,1,0,3
8339,"Otus brucei","Pallid Scops-Owl",0,0,0,0,0,0,0,0,0,0,0,0,0,0,0,0,0,0,0,0,0,0,2,0,1,0,1,1,2,0,6
8738,"Strix leptogrammica","Brown Wood-Owl",0,0,0,0,0,0,0,0,0,0,0,0,0,0,0,0,0,0,0,0,0,0,1,1,0,0,1,0,1,0,5
9390,"Alcedo atthis","Common Kingfisher",0,0,0,0,0,0,0,0,0,0,0,0,0,0,0,0,0,0,0,0,0,0,1,0,0,0,1,2,5,1,5
11519,"Falco chicquera","Red-necked Falcon",0,0,0,0,0,0,0,0,0,0,0,0,0,0,0,0,0,0,0,0,0,0,1,0,0,2,0,0,1,1,4
19686,"Dicrurus caerulescens","White-bellied Drongo",0,0,0,0,0,0,0,0,0,0,0,0,0,0,0,0,0,0,0,0,0,0,1,0,1,1,2,3,0,0,6
23242,"Riparia riparia","Bank Swallow",0,0,0,0,0,0,0,0,0,0,0,0,0,0,0,0,0,0,0,0,0,0,1,0,0,4,3,9,1,5,6
5314,"Porzana porzana","Spotted Crake",0,0,0,0,0,0,0,0,0,0,0,0,0,0,0,0,0,0,0,0,0,0,0,2,0,0,0,1,0,0,3
5458,"Zapornia pusilla","Baillon's Crake",0,0,0,0,0,0,0,0,0,0,0,0,0,0,0,0,0,0,0,0,0,0,0,1,1,1,0,0,0,0,4
6172,"Stercorarius antarcticus","Brown Skua",0,0,0,0,0,0,0,0,0,0,0,0,0,0,0,0,0,0,0,0,0,0,0,1,0,0,0,0,0,0,2
9162,"Upupa epops","Eurasian Hoopoe",0,0,0,0,0,0,0,0,0,0,0,0,0,0,0,0,0,0,0,0,0,0,0,1,0,4,1,3,10,4,6
11539,"Falco subbuteo","Eurasian Hobby",0,0,0,0,0,0,0,0,0,0,0,0,0,0,0,0,0,0,0,0,0,0,0,1,2,0,3,0,0,4,4
22941,"Helopsaltes certhiola","Pallas's Grasshopper Warbler",0,0,0,0,0,0,0,0,0,0,0,0,0,0,0,0,0,0,0,0,0,0,0,1,0,41,35,6,19,21,6
26907,"Agropsar sturninus","Daurian Starling",0,0,0,0,0,0,0,0,0,0,0,0,0,0,0,0,0,0,0,0,0,0,0,2,1,0,3,3,6,1,6
28556,"Ficedula superciliaris","Ultramarine Flycatcher",0,0,0,0,0,0,0,0,0,0,0,0,0,0,0,0,0,0,0,0,0,0,0,1,0,0,0,0,0,0,2
28656,"Monticola saxatilis","Rufous-tailed Rock-Thrush",0,0,0,0,0,0,0,0,0,0,0,0,0,0,0,0,0,0,0,0,0,0,0,1,0,0,0,0,0,0,2
28682,"Saxicola maurus","Siberian Stonechat",0,0,0,0,0,0,0,0,0,0,0,0,0,0,0,0,0,0,0,0,0,0,0,1,4,40,53,143,142,94,7
28811,"Oenanthe pleschanka","Pied Wheatear",0,0,0,0,0,0,0,0,0,0,0,0,0,0,0,0,0,0,0,0,0,0,0,1,1,0,0,0,0,0,3
31626,"Emberiza fucata","Chestnut-eared Bunting",0,0,0,0,0,0,0,0,0,0,0,0,0,0,0,0,0,0,0,0,0,0,0,1,0,0,0,0,0,0,2
595,"Aythya ferina","Common Pochard",0,0,0,0,0,0,0,0,0,0,0,0,0,0,0,0,0,0,0,0,0,0,0,0,1,0,0,0,0,0,2
1644,"Coturnix coromandelica","Rain Quail",0,0,0,0,0,0,0,0,0,0,0,0,0,0,0,0,0,0,0,0,0,0,0,0,14,16,0,9,13,1,5
5966,"Limnodromus scolopaceus","Long-billed Dowitcher",0,0,0,0,0,0,0,0,0,0,0,0,0,0,0,0,0,0,0,0,0,0,0,0,1,0,0,0,0,0,2
6593,"Phaethon lepturus","White-tailed Tropicbird",0,0,0,0,0,0,0,0,0,0,0,0,0,0,0,0,0,0,0,0,0,0,0,0,1,0,0,0,0,0,2
7605,"Nisaetus cirrhatus","Changeable Hawk-Eagle",0,0,0,0,0,0,0,0,0,0,0,0,0,0,0,0,0,0,0,0,0,0,0,0,1,0,0,0,0,0,2
8551,"Ketupa zeylonensis","Brown Fish-Owl",0,0,0,0,0,0,0,0,0,0,0,0,0,0,0,0,0,0,0,0,0,0,0,0,1,0,0,0,2,0,3
9273,"Buceros bicornis","Great Hornbill",0,0,0,0,0,0,0,0,0,0,0,0,0,0,0,0,0,0,0,0,0,0,0,0,1,0,0,0,0,0,2
9862,"Merops apiaster","European Bee-eater",0,0,0,0,0,0,0,0,0,0,0,0,0,0,0,0,0,0,0,0,0,0,0,0,1,0,0,0,0,0,2
19516,"Rhipidura albogularis","Spot-breasted Fantail",0,0,0,0,0,0,0,0,0,0,0,0,0,0,0,0,0,0,0,0,0,0,0,0,1,0,1,0,2,0,4
28681,"Saxicola maurus","Siberian Stonechat",0,0,0,0,0,0,0,0,0,0,0,0,0,0,0,0,0,0,0,0,0,0,0,0,1,0,0,0,0,0,2
28952,"Dicaeum agile","Thick-billed Flowerpecker",0,0,0,0,0,0,0,0,0,0,0,0,0,0,0,0,0,0,0,0,0,0,0,0,1,3,1,0,1,0,5
31745,"Emberiza pusilla","Little Bunting",0,0,0,0,0,0,0,0,0,0,0,0,0,0,0,0,0,0,0,0,0,0,0,0,1,0,0,0,1,0,3
226,"Dendrocygna bicolor","Fulvous Whistling-Duck",0,0,0,0,0,0,0,0,0,0,0,0,0,0,0,0,0,0,0,0,0,0,0,0,0,1,0,1,0,0,3
2036,"Streptopelia chinensis","Spotted Dove",0,0,0,0,0,0,0,0,0,0,0,0,0,0,0,0,0,0,0,0,0,0,0,0,0,2,0,0,0,0,2
2769,"Ducula badia","Mountain Imperial-Pigeon",0,0,0,0,0,0,0,0,0,0,0,0,0,0,0,0,0,0,0,0,0,0,0,0,0,1,0,0,0,0,2
4044,"Apus affinis","Little Swift",0,0,0,0,0,0,0,0,0,0,0,0,0,0,0,0,0,0,0,0,0,0,0,0,0,1,0,0,1,0,3
5668,"Pluvialis dominica","American Golden-Plover",0,0,0,0,0,0,0,0,0,0,0,0,0,0,0,0,0,0,0,0,0,0,0,0,0,1,0,0,0,0,2
6318,"Larus canus","Common Gull",0,0,0,0,0,0,0,0,0,0,0,0,0,0,0,0,0,0,0,0,0,0,0,0,0,2,1,2,0,0,4
6503,"Chlidonias niger","Black Tern",0,0,0,0,0,0,0,0,0,0,0,0,0,0,0,0,0,0,0,0,0,0,0,0,0,1,0,0,0,0,2
18008,"Coracina macei","Large Cuckooshrike",0,0,0,0,0,0,0,0,0,0,0,0,0,0,0,0,0,0,0,0,0,0,0,0,0,1,0,0,1,0,3
20793,"Corvus macrorhynchos","Large-billed Crow",0,0,0,0,0,0,0,0,0,0,0,0,0,0,0,0,0,0,0,0,0,0,0,0,0,1,0,1,0,2,3
22691,"Cisticola juncidis","Zitting Cisticola",0,0,0,0,0,0,0,0,0,0,0,0,0,0,0,0,0,0,0,0,0,0,0,0,0,1,1,0,1,1,4
24452,"Curruca crassirostris","Eastern Orphean Warbler",0,0,0,0,0,0,0,0,0,0,0,0,0,0,0,0,0,0,0,0,0,0,0,0,0,5,1,1,7,0,5
25007,"Dumetia atriceps","Dark-fronted Babbler",0,0,0,0,0,0,0,0,0,0,0,0,0,0,0,0,0,0,0,0,0,0,0,0,0,1,0,0,1,0,3
27723,"Turdus obscurus","Eyebrowed Thrush",0,0,0,0,0,0,0,0,0,0,0,0,0,0,0,0,0,0,0,0,0,0,0,0,0,1,0,0,0,0,2
28188,"Cyanoptila cyanomelana","Blue-and-white Flycatcher",0,0,0,0,0,0,0,0,0,0,0,0,0,0,0,0,0,0,0,0,0,0,0,0,0,1,4,13,4,0,5
28801,"Oenanthe deserti","Desert Wheatear",0,0,0,0,0,0,0,0,0,0,0,0,0,0,0,0,0,0,0,0,0,0,0,0,0,1,0,17,0,0,3
30676,"Motacilla alba","White Wagtail",0,0,0,0,0,0,0,0,0,0,0,0,0,0,0,0,0,0,0,0,0,0,0,0,0,1,0,0,1,0,3
6523,"Sterna sumatrana","Black-naped Tern",0,0,0,0,0,0,0,0,0,0,0,0,0,0,0,0,0,0,0,0,0,0,0,0,0,0,1,0,0,0,2
7177,"Ardea cinerea","Gray Heron",0,0,0,0,0,0,0,0,0,0,0,0,0,0,0,0,0,0,0,0,0,0,0,0,0,0,1,0,2,0,3
27463,"Geokichla citrina","Orange-headed Thrush",0,0,0,0,0,0,0,0,0,0,0,0,0,0,0,0,0,0,0,0,0,0,0,0,0,0,1,2,0,0,3
31620,"Emberiza lathami","Crested Bunting",0,0,0,0,0,0,0,0,0,0,0,0,0,0,0,0,0,0,0,0,0,0,0,0,0,0,1,4,0,0,3
1747,"Phoeniconaias minor","Lesser Flamingo",0,0,0,0,0,0,0,0,0,0,0,0,0,0,0,0,0,0,0,0,0,0,0,0,0,0,0,1,0,8,2
5961,"Limnodromus semipalmatus","Asian Dowitcher",0,0,0,0,0,0,0,0,0,0,0,0,0,0,0,0,0,0,0,0,0,0,0,0,0,0,0,18,0,0,2
6442,"Gygis alba","White Tern",0,0,0,0,0,0,0,0,0,0,0,0,0,0,0,0,0,0,0,0,0,0,0,0,0,0,0,1,0,0,2
7007,"Sula sula","Red-footed Booby",0,0,0,0,0,0,0,0,0,0,0,0,0,0,0,0,0,0,0,0,0,0,0,0,0,0,0,1,0,0,2
7008,"Sula sula","Red-footed Booby",0,0,0,0,0,0,0,0,0,0,0,0,0,0,0,0,0,0,0,0,0,0,0,0,0,0,0,1,0,0,2
7440,"Elanus caeruleus","Black-winged Kite",0,0,0,0,0,0,0,0,0,0,0,0,0,0,0,0,0,0,0,0,0,0,0,0,0,0,0,1,0,0,2
22873,"Acrocephalus stentoreus","Clamorous Reed Warbler",0,0,0,0,0,0,0,0,0,0,0,0,0,0,0,0,0,0,0,0,0,0,0,0,0,0,0,1,0,0,2
23943,"Phylloscopus inornatus","Yellow-browed Warbler",0,0,0,0,0,0,0,0,0,0,0,0,0,0,0,0,0,0,0,0,0,0,0,0,0,0,0,2,2,0,3
23969,"Phylloscopus fuscatus","Dusky Warbler",0,0,0,0,0,0,0,0,0,0,0,0,0,0,0,0,0,0,0,0,0,0,0,0,0,0,0,1,0,0,2
23991,"Phylloscopus collybita","Common Chiffchaff",0,0,0,0,0,0,0,0,0,0,0,0,0,0,0,0,0,0,0,0,0,0,0,0,0,0,0,1,2,0,3
30597,"Carpospiza brachydactyla","Pale Rockfinch",0,0,0,0,0,0,0,0,0,0,0,0,0,0,0,0,0,0,0,0,0,0,0,0,0,0,0,10,0,0,2
1627,"Synoicus chinensis","Blue-breasted Quail",0,0,0,0,0,0,0,0,0,0,0,0,0,0,0,0,0,0,0,0,0,0,0,0,0,0,0,0,1,0,2
5776,"Charadrius dubius","Little Ringed Plover",0,0,0,0,0,0,0,0,0,0,0,0,0,0,0,0,0,0,0,0,0,0,0,0,0,0,0,0,1,0,2
6352,"Larus cachinnans","Caspian Gull",0,0,0,0,0,0,0,0,0,0,0,0,0,0,0,0,0,0,0,0,0,0,0,0,0,0,0,0,1,0,2
6494,"Gelochelidon nilotica","Gull-billed Tern",0,0,0,0,0,0,0,0,0,0,0,0,0,0,0,0,0,0,0,0,0,0,0,0,0,0,0,0,1,0,2
6909,"Puffinus bailloni","Tropical Shearwater",0,0,0,0,0,0,0,0,0,0,0,0,0,0,0,0,0,0,0,0,0,0,0,0,0,0,0,0,1,0,2
7254,"Ardeola bacchus","Chinese Pond-Heron",0,0,0,0,0,0,0,0,0,0,0,0,0,0,0,0,0,0,0,0,0,0,0,0,0,0,0,0,29,0,2
7540,"Gyps fulvus","Eurasian Griffon",0,0,0,0,0,0,0,0,0,0,0,0,0,0,0,0,0,0,0,0,0,0,0,0,0,0,0,0,1,2,2
20240,"Lanius isabellinus","Isabelline Shrike",0,0,0,0,0,0,0,0,0,0,0,0,0,0,0,0,0,0,0,0,0,0,0,0,0,0,0,0,1,0,2
23292,"Hirundo rustica","Barn Swallow",0,0,0,0,0,0,0,0,0,0,0,0,0,0,0,0,0,0,0,0,0,0,0,0,0,0,0,0,1,0,2
23414,"Delichon dasypus","Asian House-Martin",0,0,0,0,0,0,0,0,0,0,0,0,0,0,0,0,0,0,0,0,0,0,0,0,0,0,0,0,2,5,2
23981,"Phylloscopus trochilus","Willow Warbler",0,0,0,0,0,0,0,0,0,0,0,0,0,0,0,0,0,0,0,0,0,0,0,0,0,0,0,0,10,0,2
24063,"Phylloscopus trochiloides","Greenish Warbler",0,0,0,0,0,0,0,0,0,0,0,0,0,0,0,0,0,0,0,0,0,0,0,0,0,0,0,0,3,0,2
27840,"Muscicapa striata","Spotted Flycatcher",0,0,0,0,0,0,0,0,0,0,0,0,0,0,0,0,0,0,0,0,0,0,0,0,0,0,0,0,1,0,2
28658,"Monticola solitarius","Blue Rock-Thrush",0,0,0,0,0,0,0,0,0,0,0,0,0,0,0,0,0,0,0,0,0,0,0,0,0,0,0,0,2,0,2
28852,"Oenanthe picata","Variable Wheatear",0,0,0,0,0,0,0,0,0,0,0,0,0,0,0,0,0,0,0,0,0,0,0,0,0,0,0,0,21,0,2
30640,"Motacilla flava","Western Yellow Wagtail",0,0,0,0,0,0,0,0,0,0,0,0,0,0,0,0,0,0,0,0,0,0,0,0,0,0,0,0,1,0,2
30643,"Motacilla flava","Western Yellow Wagtail",0,0,0,0,0,0,0,0,0,0,0,0,0,0,0,0,0,0,0,0,0,0,0,0,0,0,0,0,2,0,2
30655,"Motacilla tschutschensis","Eastern Yellow Wagtail",0,0,0,0,0,0,0,0,0,0,0,0,0,0,0,0,0,0,0,0,0,0,0,0,0,0,0,0,1,2,2
30659,"Motacilla tschutschensis","Eastern Yellow Wagtail",0,0,0,0,0,0,0,0,0,0,0,0,0,0,0,0,0,0,0,0,0,0,0,0,0,0,0,0,2,0,2
20806,"Corvus macrorhynchos","Large-billed Crow",0,0,0,0,0,0,0,0,0,0,0,0,0,0,0,0,0,0,0,0,0,0,0,0,0,0,0,0,0,1,1
24386,"Sylvia atricapilla","Eurasian Blackcap",0,0,0,0,0,0,0,0,0,0,0,0,0,0,0,0,0,0,0,0,0,0,0,0,0,0,0,0,0,23,1
24424,"Curruca curruca","Lesser Whitethroat",0,0,0,0,0,0,0,0,0,0,0,0,0,0,0,0,0,0,0,0,0,0,0,0,0,0,0,0,0,1,1
28097,"Cyornis rubeculoides","Blue-throated Flycatcher",0,0,0,0,0,0,0,0,0,0,0,0,0,0,0,0,0,0,0,0,0,0,0,0,0,0,0,0,0,4,1
30510,"Passer hispaniolensis","Spanish Sparrow",0,0,0,0,0,0,0,0,0,0,0,0,0,0,0,0,0,0,0,0,0,0,0,0,0,0,0,0,0,22,1
31670,"Emberiza hortulana","Ortolan Bunting",0,0,0,0,0,0,0,0,0,0,0,0,0,0,0,0,0,0,0,0,0,0,0,0,0,0,0,0,0,22,1
